search_evaluation_id,weighting,search_accuracy_pct,final_accuracy_pct,accuracy_delta_pp,search_mflops,final_mflops,final_route_accuracy_pct,underestimation_count,overestimation_count,dispatcher_checkpoint,selected_shufflenetv2_x0_5_count,selected_shufflenetv2_x0_5_fraction,selected_mobilenetv2_x0_5_count,selected_mobilenetv2_x0_5_fraction,selected_resnet56_count,selected_resnet56_fraction,selected_repvgg_a1_count,selected_repvgg_a1_fraction,final_pareto,catalog_interpolated_accuracy_pct,catalog_interpolated_margin_pp,above_catalog_interpolated_front,chromosome_json
17,ISNS,90.71249999999999,90.45,-0.26249999999999885,21.808192000000002,21.808192000000002,91.85,163,0,artifacts/cifar10/runs/pareto/final/dispatcher-00017.pt,2000,1.0,0,0.0,0,0.0,0,0.0,True,90.13109638537819,0.31890361462181716,True,"[69.61653421970686,53.03637589499948,23.720513444813406,46.978896342963964,4.403674417945891,55.48471989594954,5.8442455079872335,83.06197675281388,29.57554320617404,99.15945062145813,99.68133579584284,9.870274927018851,10.848706474691383,31.560127971181252,18.357349484549534,86.11461104637633,1.547880464794921]"
47,ISNS,90.71249999999999,90.45,-0.26249999999999885,21.808192000000002,21.808192000000002,91.85,163,0,artifacts/cifar10/runs/pareto/final/dispatcher-00047.pt,2000,1.0,0,0.0,0,0.0,0,0.0,True,90.13109638537819,0.31890361462181716,True,"[57.398687679458014,32.07132689454135,94.78344907590447,81.32287487713417,14.724227509482901,6.8364302510567025,13.333090043811024,51.21257388413416,12.861563836141364,83.48971399632411,38.93947061033269,93.57490244878038,93.40466639264197,69.26124472011065,89.66717601255944,79.23761510926319,1.897091284868611]"
214,ISNS,90.71249999999999,90.45,-0.26249999999999885,21.808192000000002,21.808192000000002,91.85,163,0,artifacts/cifar10/runs/pareto/final/dispatcher-00214.pt,2000,1.0,0,0.0,0,0.0,0,0.0,True,90.13109638537819,0.31890361462181716,True,"[57.398687679458014,51.42426363411978,97.07587225093069,84.0041741708609,14.724227509482901,75.69018879596241,13.219014123537033,45.80476993901719,12.293846370889222,83.69434525156312,38.93947061033269,57.93500554208032,93.40466639264197,69.26124472011065,89.66717601255944,79.23761510926319,1.598214889075616]"
233,ISNS,90.71249999999999,90.45,-0.26249999999999885,21.808192000000002,21.808192000000002,91.85,163,0,artifacts/cifar10/runs/pareto/final/dispatcher-00233.pt,2000,1.0,0,0.0,0,0.0,0,0.0,True,90.13109638537819,0.31890361462181716,True,"[69.61653421970686,53.03637589499948,20.862302453516527,12.759158463519974,4.403674417945891,55.48471989594954,5.8442455079872335,39.79765971234312,29.57554320617404,99.15945062145813,99.68133579584284,9.870274927018851,10.848706474691383,32.050206009669694,18.118916871816282,86.11461104637633,1.6743957202620274]"
237,ISNS,90.75,90.45,-0.30000000000000027,21.933942000000002,21.808192000000002,91.85,163,0,artifacts/cifar10/runs/pareto/final/dispatcher-00237.pt,2000,1.0,0,0.0,0,0.0,0,0.0,True,90.13109638537819,0.31890361462181716,True,"[69.61653421970686,53.03637589499948,23.76849818029596,46.978896342963964,4.293314573280297,58.56370356578056,5.8442455079872335,34.621019431092336,80.10134296473183,99.15945062145813,99.64377404820881,9.870274927018851,10.848706474691383,31.007365002396426,94.6411266587052,88.5777610303567,1.547880464794921]"
255,ISNS,90.71249999999999,90.45,-0.26249999999999885,21.808192000000002,21.808192000000002,91.85,163,0,artifacts/cifar10/runs/pareto/final/dispatcher-00255.pt,2000,1.0,0,0.0,0,0.0,0,0.0,True,90.13109638537819,0.31890361462181716,True,"[69.61653421970686,53.03637589499948,23.720513444813406,46.978896342963964,4.403674417945891,55.48471989594954,5.8442455079872335,83.06197675281388,29.57554320617404,99.15945062145813,99.82919899570204,9.870274927018851,10.848706474691383,31.560127971181252,18.357349484549534,86.11461104637633,1.547880464794921]"
262,ISNS,90.71249999999999,90.45,-0.26249999999999885,21.808192000000002,21.808192000000002,91.85,163,0,artifacts/cifar10/runs/pareto/final/dispatcher-00262.pt,2000,1.0,0,0.0,0,0.0,0,0.0,True,90.13109638537819,0.31890361462181716,True,"[71.26604967680434,17.953057146273753,20.77855509347301,85.0657325645224,4.403674417945891,54.58337094335063,5.164745012211014,40.38751515435759,29.57554320617404,78.88687472652028,94.20698477865945,9.144876593773121,10.848706474691383,31.678836010602737,18.118916871816282,57.86233753651109,1.6805222947468041]"
286,ISNS,90.71249999999999,90.45,-0.26249999999999885,21.808192000000002,21.808192000000002,91.85,163,0,artifacts/cifar10/runs/pareto/final/dispatcher-00286.pt,2000,1.0,0,0.0,0,0.0,0,0.0,True,90.13109638537819,0.31890361462181716,True,"[29.451354975984266,71.63390190156056,22.797983991429383,58.30137804162672,4.403674417945891,95.74517535963079,4.6292451304443745,82.94349768441421,27.676247289464932,99.15945062145813,32.2742321810851,11.679483390983435,12.277404345906248,87.39347164636905,17.419389330063193,86.63504977935318,1.547880464794921]"
321,ISNS,90.71249999999999,90.45,-0.26249999999999885,21.808192000000002,21.808192000000002,91.85,163,0,artifacts/cifar10/runs/pareto/final/dispatcher-00321.pt,2000,1.0,0,0.0,0,0.0,0,0.0,True,90.13109638537819,0.31890361462181716,True,"[29.451354975984266,71.63390190156056,22.797983991429383,58.30137804162672,4.403674417945891,95.74517535963079,4.6292451304443745,82.92924803409683,27.676247289464932,99.15945062145813,32.2742321810851,11.796482473124843,12.277404345906248,87.39347164636905,17.349010774934563,86.63504977935318,1.547880464794921]"
355,ISNS,90.71249999999999,90.45,-0.26249999999999885,21.808192000000002,21.808192000000002,91.85,163,0,artifacts/cifar10/runs/pareto/final/dispatcher-00355.pt,2000,1.0,0,0.0,0,0.0,0,0.0,True,90.13109638537819,0.31890361462181716,True,"[54.06004029120375,93.68281610992906,22.797983991429383,59.615251282667344,4.403674417945891,95.74517535963079,1.6640849905842927,82.66529505698298,27.676247289464932,98.53208320967778,32.2742321810851,52.23077469934015,17.424975928871675,86.33973122209663,16.46210366089852,85.47288776361995,1.547880464794921]"
385,ISNS,90.71249999999999,90.45,-0.26249999999999885,21.808192000000002,21.808192000000002,91.85,163,0,artifacts/cifar10/runs/pareto/final/dispatcher-00385.pt,2000,1.0,0,0.0,0,0.0,0,0.0,True,90.13109638537819,0.31890361462181716,True,"[31.871192979281467,71.63390190156056,16.10156215169436,10.825855592447944,4.403674417945891,95.74517535963079,4.6292451304443745,82.94349768441421,17.673428639949098,99.15915530386889,32.2742321810851,10.64374611254714,16.48186649047666,69.25580398869353,87.75062700003403,86.63504977935318,1.5561090729769056]"
394,ISNS,90.71249999999999,90.45,-0.26249999999999885,21.808192000000002,21.808192000000002,91.85,163,0,artifacts/cifar10/runs/pareto/final/dispatcher-00394.pt,2000,1.0,0,0.0,0,0.0,0,0.0,True,90.13109638537819,0.31890361462181716,True,"[29.451354975984266,71.63390190156056,22.797983991429383,98.66455197765478,4.403674417945891,95.74517535963079,4.6292451304443745,82.92924803409683,27.676247289464932,99.15945062145813,32.25409697986841,11.796482473124843,12.277404345906248,87.3773591470831,17.349010774934563,86.63504977935318,1.561733653079543]"
411,ISNS,90.71249999999999,90.45,-0.26249999999999885,21.808192000000002,21.808192000000002,91.85,163,0,artifacts/cifar10/runs/pareto/final/dispatcher-00411.pt,2000,1.0,0,0.0,0,0.0,0,0.0,True,90.13109638537819,0.31890361462181716,True,"[29.451354975984266,71.63390190156056,2.240399032186259,14.55628733933888,0.42097391433827624,95.73102704226967,82.15581045369439,86.75948070764636,17.588598572340373,99.15945062145813,32.19804117563203,11.796482473124843,80.3617033253394,87.3773591470831,13.960252973401523,86.63504977935318,1.6641596126483131]"
412,ISNS,90.71249999999999,90.45,-0.26249999999999885,21.808192000000002,21.808192000000002,91.85,163,0,artifacts/cifar10/runs/pareto/final/dispatcher-00412.pt,2000,1.0,0,0.0,0,0.0,0,0.0,True,90.13109638537819,0.31890361462181716,True,"[29.451354975984266,71.63390190156056,22.797983991429383,58.30137804162672,4.403674417945891,95.74517535963079,4.6292451304443745,82.94349768441421,27.676247289464932,99.15945062145813,32.2742321810851,11.679483390983435,12.277404345906248,87.39347164636905,17.419389330063193,86.63504977935318,1.547880464794921]"
416,ISNS,90.71249999999999,90.45,-0.26249999999999885,21.808192000000002,21.808192000000002,91.85,163,0,artifacts/cifar10/runs/pareto/final/dispatcher-00416.pt,2000,1.0,0,0.0,0,0.0,0,0.0,True,90.13109638537819,0.31890361462181716,True,"[94.89679972547651,73.24265836663577,22.797983991429383,98.66455197765478,4.403674417945891,95.74517535963079,0.22819861564873767,48.102763588538906,27.676247289464932,98.0443396122339,32.67237724913022,61.24921254023452,76.89767899738467,37.17679414417714,17.349010774934563,85.87326031885335,1.561733653079543]"
450,ISNS,90.71249999999999,90.45,-0.26249999999999885,21.808192000000002,21.808192000000002,91.85,163,0,artifacts/cifar10/runs/pareto/final/dispatcher-00450.pt,2000,1.0,0,0.0,0,0.0,0,0.0,True,90.13109638537819,0.31890361462181716,True,"[29.80543152440578,52.81498284385773,66.95654911291085,46.978896342963964,3.3506106157859676,58.56370356578056,5.396959998785697,62.582881511353634,80.10134296473183,99.24170198822675,99.64377404820881,9.870274927018851,3.1106058577286357,31.007365002396426,94.6411266587052,89.4121774265147,1.547880464794921]"
463,ISNS,90.71249999999999,90.45,-0.26249999999999885,21.808192000000002,21.808192000000002,91.85,163,0,artifacts/cifar10/runs/pareto/final/dispatcher-00463.pt,2000,1.0,0,0.0,0,0.0,0,0.0,True,90.13109638537819,0.31890361462181716,True,"[94.89679972547651,73.24265836663577,22.797983991429383,98.66455197765478,4.403674417945891,95.74517535963079,0.22819861564873767,48.102763588538906,27.676247289464932,98.0443396122339,32.67237724913022,61.24921254023452,76.89767899738467,37.17679414417714,17.349010774934563,85.87326031885335,1.561733653079543]"
479,ISNS,90.71249999999999,90.45,-0.26249999999999885,21.808192000000002,21.808192000000002,91.85,163,0,artifacts/cifar10/runs/pareto/final/dispatcher-00479.pt,2000,1.0,0,0.0,0,0.0,0,0.0,True,90.13109638537819,0.31890361462181716,True,"[31.963329602974127,71.16822495842185,2.350492685000405,18.130408732336008,3.3979848867359657,93.2074751076715,0.6835510626535282,82.88870383314463,3.497077023288764,4.566235597676549,30.907532404408638,13.664079792331178,9.382442835855294,69.31639442749109,24.834445462628118,87.25794423893963,1.559543356746656]"
500,ISNS,90.71249999999999,90.45,-0.26249999999999885,21.808192000000002,21.808192000000002,91.85,163,0,artifacts/cifar10/runs/pareto/final/dispatcher-00500.pt,2000,1.0,0,0.0,0,0.0,0,0.0,True,90.13109638537819,0.31890361462181716,True,"[29.451354975984266,71.63390190156056,22.797983991429383,58.30137804162672,4.403674417945891,95.74517535963079,4.6292451304443745,82.94349768441421,27.676247289464932,99.15945062145813,32.2742321810851,11.679483390983435,12.277404345906248,87.39347164636905,17.419389330063193,86.63504977935318,1.547880464794921]"
538,ISNS,90.71249999999999,90.45,-0.26249999999999885,21.808192000000002,21.808192000000002,91.85,163,0,artifacts/cifar10/runs/pareto/final/dispatcher-00538.pt,2000,1.0,0,0.0,0,0.0,0,0.0,True,90.13109638537819,0.31890361462181716,True,"[26.95248361164029,51.67699186006797,54.200311172603236,46.981476034835865,4.705211371372208,54.946196668909,3.316669201714161,81.09557636592494,79.9872717126203,78.34680047429828,53.14979451521793,16.056903934798015,12.22471643055271,90.28831088752196,7.861342089345204,83.40418373674885,1.550296080072603]"
584,ISNS,90.71249999999999,90.45,-0.26249999999999885,21.808192000000002,21.808192000000002,91.85,163,0,artifacts/cifar10/runs/pareto/final/dispatcher-00584.pt,2000,1.0,0,0.0,0,0.0,0,0.0,True,90.13109638537819,0.31890361462181716,True,"[26.95248361164029,54.04006525008502,54.200311172603236,46.37756514001633,6.580540031854142,54.946196668909,3.5530269759174296,81.09557636592494,79.9872717126203,78.34680047429828,58.52642655792569,16.056903934798015,81.31238754116956,71.45367572960781,7.861342089345204,83.40418373674885,1.582578412680482]"
632,ISNS,90.71249999999999,90.45,-0.26249999999999885,21.808192000000002,21.808192000000002,91.85,163,0,artifacts/cifar10/runs/pareto/final/dispatcher-00632.pt,2000,1.0,0,0.0,0,0.0,0,0.0,True,90.13109638537819,0.31890361462181716,True,"[29.451354975984266,73.06208619354078,22.797983991429383,58.23359407683407,4.403674417945891,95.74517535963079,4.6292451304443745,82.94349768441421,0.989271712439395,99.15945062145813,33.34752041545359,11.679483390983435,12.277404345906248,87.39753899058856,17.419389330063193,98.21984235547646,1.547451653439643]"
689,ISNS,90.71249999999999,90.45,-0.26249999999999885,21.808192000000002,21.808192000000002,91.85,163,0,artifacts/cifar10/runs/pareto/final/dispatcher-00689.pt,2000,1.0,0,0.0,0,0.0,0,0.0,True,90.13109638537819,0.31890361462181716,True,"[29.455283051425933,72.65567689200967,22.797983991429383,59.01613390943335,4.403674417945891,43.89287882209449,4.6292451304443745,82.94349768441421,0.989271712439395,99.15945062145813,33.34752041545359,11.841740601328414,12.20275754612946,93.98861159669113,17.419389330063193,98.21984235547646,1.5671611835946133]"
736,ISNS,90.725,90.45,-0.275000000000003,21.8151845,21.808192000000002,91.85,163,0,artifacts/cifar10/runs/pareto/final/dispatcher-00736.pt,2000,1.0,0,0.0,0,0.0,0,0.0,True,90.13109638537819,0.31890361462181716,True,"[29.451354975984266,73.06208619354078,22.797983991429383,58.23359407683407,4.403674417945891,93.8852248047937,33.732132330900505,1.5389027226912688,0.989271712439395,99.15945062145813,33.34752041545359,39.331551145805065,12.277404345906248,87.39753899058856,17.419389330063193,96.92752620829805,1.547451653439643]"
780,ISNS,90.71249999999999,90.45,-0.26249999999999885,21.808192000000002,21.808192000000002,91.85,163,0,artifacts/cifar10/runs/pareto/final/dispatcher-00780.pt,2000,1.0,0,0.0,0,0.0,0,0.0,True,90.13109638537819,0.31890361462181716,True,"[29.27361724148181,80.13460543255279,60.931311089312004,58.23359407683407,4.403674417945891,96.04374564051521,74.97847161293934,47.00288015692557,71.99096616310736,93.0498038430172,33.34752041545359,11.679483390983435,0.39327987307989254,87.39753899058856,40.11399805805628,98.08888841238284,1.547451653439643]"
796,ISNS,90.71249999999999,90.45,-0.26249999999999885,21.808192000000002,21.808192000000002,91.85,163,0,artifacts/cifar10/runs/pareto/final/dispatcher-00796.pt,2000,1.0,0,0.0,0,0.0,0,0.0,True,90.13109638537819,0.31890361462181716,True,"[29.520267467499636,75.54580723332123,22.797983991429383,58.23359407683407,0.7127779328855652,95.74517535963079,92.49161873239916,82.94349768441421,17.693838717456146,93.67047199367272,53.15295089172994,11.679483390983435,16.286444477285933,93.13660528479485,17.419389330063193,27.118593348598203,1.547451653439643]"
823,ISNS,90.71249999999999,90.45,-0.26249999999999885,21.808192000000002,21.808192000000002,91.85,163,0,artifacts/cifar10/runs/pareto/final/dispatcher-00823.pt,2000,1.0,0,0.0,0,0.0,0,0.0,True,90.13109638537819,0.31890361462181716,True,"[29.520267467499636,75.54580723332123,22.797983991429383,58.580548980693905,0.7127779328855652,95.74517535963079,92.49161873239916,47.51540604073693,17.693838717456146,93.67047199367272,53.15295089172994,57.39724299933722,1.1264794856676783,32.86674303900735,17.419389330063193,30.86908357378729,1.5333168439301568]"
836,ISNS,90.71249999999999,90.45,-0.26249999999999885,21.808192000000002,21.808192000000002,91.85,163,0,artifacts/cifar10/runs/pareto/final/dispatcher-00836.pt,2000,1.0,0,0.0,0,0.0,0,0.0,True,90.13109638537819,0.31890361462181716,True,"[27.967108107368315,73.88415657045877,20.589643092797008,59.31745454889439,4.403674417945891,42.92171909646987,4.6292451304443745,82.91487617629664,0.989271712439395,8.430612502386722,33.34752041545359,3.1009022825720827,12.20275754612946,39.50601816563901,17.419389330063193,99.10554939428768,1.542557270988012]"
843,ISNS,90.71249999999999,90.45,-0.26249999999999885,21.808192000000002,21.808192000000002,91.85,163,0,artifacts/cifar10/runs/pareto/final/dispatcher-00843.pt,2000,1.0,0,0.0,0,0.0,0,0.0,True,90.13109638537819,0.31890361462181716,True,"[29.455283051425933,72.65567689200967,22.797983991429383,59.01613390943335,4.403674417945891,43.89287882209449,4.6292451304443745,82.94349768441421,0.989271712439395,99.15945062145813,33.34752041545359,11.841740601328414,12.20275754612946,93.98861159669113,17.419389330063193,98.21984235547646,1.5671611835946133]"
899,ISNS,90.71249999999999,90.45,-0.26249999999999885,21.808192000000002,21.808192000000002,91.85,163,0,artifacts/cifar10/runs/pareto/final/dispatcher-00899.pt,2000,1.0,0,0.0,0,0.0,0,0.0,True,90.13109638537819,0.31890361462181716,True,"[29.455283051425933,72.65567689200967,21.94931484752651,63.861696706221835,4.403674417945891,43.837646982638674,2.8129794496057166,33.42622225765258,0.989271712439395,72.99036071788177,33.34752041545359,11.841740601328414,28.789194117866145,94.34281963689715,17.419389330063193,25.86046620957645,1.5671611835946133]"
910,ISNS,90.71249999999999,90.45,-0.26249999999999885,21.808192000000002,21.808192000000002,91.85,163,0,artifacts/cifar10/runs/pareto/final/dispatcher-00910.pt,2000,1.0,0,0.0,0,0.0,0,0.0,True,90.13109638537819,0.31890361462181716,True,"[29.455283051425933,72.99755105876133,82.91433453934664,63.861696706221835,0.2809286153109767,4.755277111919554,0.13813026742305845,33.34069413795181,44.93444020323672,72.99036071788177,47.8960157561585,37.50152914571625,28.789194117866145,94.24450466641767,17.42711301988083,25.86046620957645,1.5671611835946133]"
925,ISNS,90.71249999999999,90.45,-0.26249999999999885,21.808192000000002,21.808192000000002,91.85,163,0,artifacts/cifar10/runs/pareto/final/dispatcher-00925.pt,2000,1.0,0,0.0,0,0.0,0,0.0,True,90.13109638537819,0.31890361462181716,True,"[29.455283051425933,72.65567689200967,22.797983991429383,59.01613390943335,4.403674417945891,42.61791805621163,4.6292451304443745,82.94349768441421,0.989271712439395,99.15945062145813,33.34752041545359,15.142889647749229,12.20275754612946,93.98861159669113,17.419389330063193,98.21984235547646,1.5671611835946133]"
980,ISNS,90.71249999999999,90.45,-0.26249999999999885,21.808192000000002,21.808192000000002,91.85,163,0,artifacts/cifar10/runs/pareto/final/dispatcher-00980.pt,2000,1.0,0,0.0,0,0.0,0,0.0,True,90.13109638537819,0.31890361462181716,True,"[30.646074671572503,72.65567689200967,22.797983991429383,59.01613390943335,4.403674417945891,42.61791805621163,4.6292451304443745,82.94349768441421,0.989271712439395,99.15945062145813,33.34752041545359,15.142889647749229,12.20275754612946,93.98861159669113,17.419389330063193,98.21984235547646,1.5671611835946133]"
990,ISNS,90.71249999999999,90.45,-0.26249999999999885,21.808192000000002,21.808192000000002,91.85,163,0,artifacts/cifar10/runs/pareto/final/dispatcher-00990.pt,2000,1.0,0,0.0,0,0.0,0,0.0,True,90.13109638537819,0.31890361462181716,True,"[29.455283051425933,72.65567689200967,22.797983991429383,59.01613390943335,4.403674417945891,42.61791805621163,4.6292451304443745,82.94349768441421,0.989271712439395,99.15945062145813,33.34752041545359,15.142889647749229,12.20275754612946,93.98861159669113,17.419389330063193,98.21984235547646,1.5671611835946133]"
1013,ISNS,90.71249999999999,90.45,-0.26249999999999885,21.808192000000002,21.808192000000002,91.85,163,0,artifacts/cifar10/runs/pareto/final/dispatcher-01013.pt,2000,1.0,0,0.0,0,0.0,0,0.0,True,90.13109638537819,0.31890361462181716,True,"[29.455283051425933,68.33384967046696,32.46465466847171,59.01613390943335,4.403674417945891,42.61791805621163,4.6292451304443745,1.0882996162738294,0.989271712439395,99.33655907620926,33.431280653216426,38.29464263701013,12.20275754612946,36.187733964093255,17.419389330063193,98.21984235547646,1.5795057804872483]"
1036,ISNS,90.71249999999999,90.45,-0.26249999999999885,21.808192000000002,21.808192000000002,91.85,163,0,artifacts/cifar10/runs/pareto/final/dispatcher-01036.pt,2000,1.0,0,0.0,0,0.0,0,0.0,True,90.13109638537819,0.31890361462181716,True,"[29.455283051425933,72.65567689200967,22.797983991429383,59.01613390943335,4.403674417945891,36.21468655291769,4.6292451304443745,82.94349768441421,0.989271712439395,99.15945062145813,33.34752041545359,15.142889647749229,12.20275754612946,93.98861159669113,17.419389330063193,98.21984235547646,1.5671611835946133]"
1062,ISNS,90.71249999999999,90.45,-0.26249999999999885,21.808192000000002,21.808192000000002,91.85,163,0,artifacts/cifar10/runs/pareto/final/dispatcher-01062.pt,2000,1.0,0,0.0,0,0.0,0,0.0,True,90.13109638537819,0.31890361462181716,True,"[29.451166168276668,72.65567689200967,22.797983991429383,9.447389268208713,2.5986139474590644,46.464674632613324,1.2273800985640584,84.88033734337274,0.989271712439395,2.7519666900447675,33.33577125151351,15.142889647749229,12.703380106110142,93.98707353210656,17.564704982461308,24.717187978625056,1.5671611835946133]"
1140,ISNS,90.71249999999999,90.45,-0.26249999999999885,21.808192000000002,21.808192000000002,91.85,163,0,artifacts/cifar10/runs/pareto/final/dispatcher-01140.pt,2000,1.0,0,0.0,0,0.0,0,0.0,True,90.13109638537819,0.31890361462181716,True,"[29.451166168276668,72.65567689200967,22.797983991429383,92.2259809717415,2.5986139474590644,46.50837838544824,73.5297304802285,84.88033734337274,16.546741405310836,2.7519666900447675,23.540267724007144,15.142889647749229,12.703380106110142,92.63508898959947,24.871770756999332,24.717187978625056,1.5671611835946133]"
1157,ISNS,90.71249999999999,90.45,-0.26249999999999885,21.808192000000002,21.808192000000002,91.85,163,0,artifacts/cifar10/runs/pareto/final/dispatcher-01157.pt,2000,1.0,0,0.0,0,0.0,0,0.0,True,90.13109638537819,0.31890361462181716,True,"[29.826449499539525,72.65567689200967,24.04853387676201,8.96218455606192,2.5986139474590644,46.45888132070152,40.277646769408165,84.87992115166713,0.9599160657436201,2.7519666900447675,23.59165364650056,15.142889647749229,12.702360624228657,92.63508898959947,24.871770756999332,24.717187978625056,1.5671611835946133]"
1243,ISNS,90.71249999999999,90.45,-0.26249999999999885,21.808192000000002,21.808192000000002,91.85,163,0,artifacts/cifar10/runs/pareto/final/dispatcher-01243.pt,2000,1.0,0,0.0,0,0.0,0,0.0,True,90.13109638537819,0.31890361462181716,True,"[37.11455272151096,15.142668159100566,0.6039882212078318,92.2259809717415,2.5986139474590644,46.50837838544824,73.00021756220607,84.88033734337274,16.546741405310836,2.7519666900447675,23.89791151312776,15.142889647749229,12.703380106110142,92.63508898959947,24.871770756999332,24.723283123367796,1.5671611835946133]"
1271,ISNS,90.71249999999999,90.45,-0.26249999999999885,21.808192000000002,21.808192000000002,91.85,163,0,artifacts/cifar10/runs/pareto/final/dispatcher-01271.pt,2000,1.0,0,0.0,0,0.0,0,0.0,True,90.13109638537819,0.31890361462181716,True,"[37.11455272151096,15.142668159100566,0.6109107332236507,8.241659818883946,2.5986139474590644,46.50837838544824,73.00021756220607,84.88033734337274,16.546741405310836,2.663924553178726,23.89791151312776,14.993287291983023,15.196794457474756,91.05368547461649,24.871770756999332,24.723283123367796,1.5671611835946133]"
1303,ISNS,90.71249999999999,90.45,-0.26249999999999885,21.808192000000002,21.808192000000002,91.85,163,0,artifacts/cifar10/runs/pareto/final/dispatcher-01303.pt,2000,1.0,0,0.0,0,0.0,0,0.0,True,90.13109638537819,0.31890361462181716,True,"[37.11455272151096,15.142668159100566,0.6039882212078318,92.2259809717415,2.5986139474590644,46.50837838544824,73.00021756220607,84.88033734337274,16.546741405310836,2.7519666900447675,23.89791151312776,15.142889647749229,12.703380106110142,92.63508898959947,24.871770756999332,24.723283123367796,1.5671611835946133]"
1307,ISNS,90.71249999999999,90.45,-0.26249999999999885,21.808192000000002,21.808192000000002,91.85,163,0,artifacts/cifar10/runs/pareto/final/dispatcher-01307.pt,2000,1.0,0,0.0,0,0.0,0,0.0,True,90.13109638537819,0.31890361462181716,True,"[37.11455272151096,15.142668159100566,0.6109107332236507,8.241659818883946,1.3679393646339335,46.50837838544824,73.00021756220607,84.88033734337274,16.546741405310836,2.663924553178726,23.89791151312776,14.993287291983023,15.196794457474756,91.05368547461649,24.871770756999332,24.723283123367796,1.5671611835946133]"
1337,ISNS,90.71249999999999,90.45,-0.26249999999999885,21.808192000000002,21.808192000000002,91.85,163,0,artifacts/cifar10/runs/pareto/final/dispatcher-01337.pt,2000,1.0,0,0.0,0,0.0,0,0.0,True,90.13109638537819,0.31890361462181716,True,"[29.090319587214243,15.142668159100566,0.6109107332236507,8.241659818883946,2.5986139474590644,46.50837838544824,68.73339155270823,86.15421847319416,16.546741405310836,2.663924553178726,23.89791151312776,38.791041388419615,15.079247913011848,91.39363653843527,24.871770756999332,24.706871053952593,1.5671611835946133]"
1349,ISNS,90.71249999999999,90.45,-0.26249999999999885,21.808192000000002,21.808192000000002,91.85,163,0,artifacts/cifar10/runs/pareto/final/dispatcher-01349.pt,2000,1.0,0,0.0,0,0.0,0,0.0,True,90.13109638537819,0.31890361462181716,True,"[37.11455272151096,15.142668159100566,0.6039882212078318,92.63115734030778,2.5986139474590644,26.22200850431142,82.8978510519572,79.14544393665903,16.70663839849884,2.7519666900447675,23.89791151312776,3.407573918382724,12.703380106110142,92.63508898959947,93.45254578858828,71.85753922216041,1.5485940672642016]"
1364,ISNS,90.71249999999999,90.45,-0.26249999999999885,21.808192000000002,21.808192000000002,91.85,163,0,artifacts/cifar10/runs/pareto/final/dispatcher-01364.pt,2000,1.0,0,0.0,0,0.0,0,0.0,True,90.13109638537819,0.31890361462181716,True,"[37.11455272151096,15.14558002692837,0.6109107332236507,8.241659818883946,2.5986139474590644,46.50837838544824,72.7093918837051,84.88033734337274,16.546741405310836,2.663924553178726,30.90183777395426,39.51082280860095,79.40007087287775,91.05368547461649,24.871057329717914,24.723283123367796,1.5671611835946133]"
1458,ISNS,90.71249999999999,90.45,-0.26249999999999885,21.808192000000002,21.808192000000002,91.85,163,0,artifacts/cifar10/runs/pareto/final/dispatcher-01458.pt,2000,1.0,0,0.0,0,0.0,0,0.0,True,90.13109638537819,0.31890361462181716,True,"[37.11455272151096,15.5991280644239,0.6109107332236507,8.241659818883946,2.5986139474590644,46.011117258710094,71.70583985866381,84.88033734337274,16.546741405310836,77.16641278071627,30.90183777395426,39.51082280860095,83.67713511134747,91.05368547461649,24.871057329717914,24.723283123367796,1.5671611835946133]"
1507,ISNS,90.71249999999999,90.45,-0.26249999999999885,21.808192000000002,21.808192000000002,91.85,163,0,artifacts/cifar10/runs/pareto/final/dispatcher-01507.pt,2000,1.0,0,0.0,0,0.0,0,0.0,True,90.13109638537819,0.31890361462181716,True,"[37.126396629072204,15.5991280644239,0.6109107332236507,8.241659818883946,2.5986139474590644,46.00555665283984,71.70583985866381,79.84447748359673,16.546741405310836,75.94065947766171,29.85335047326388,38.13319007690334,83.67713511134747,90.85168539016234,85.95245714403796,24.723283123367796,1.5671611835946133]"
1521,ISNS,90.71249999999999,90.45,-0.26249999999999885,21.808192000000002,21.808192000000002,91.85,163,0,artifacts/cifar10/runs/pareto/final/dispatcher-01521.pt,2000,1.0,0,0.0,0,0.0,0,0.0,True,90.13109638537819,0.31890361462181716,True,"[37.11455272151096,15.5991280644239,0.6109107332236507,8.241659818883946,2.5986139474590644,46.011117258710094,71.70583985866381,84.88033734337274,16.546741405310836,77.16641278071627,30.90183777395426,39.51082280860095,85.69087261093996,91.05368547461649,24.871057329717914,24.723283123367796,1.5671611835946133]"
1555,ISNS,90.71249999999999,90.45,-0.26249999999999885,21.808192000000002,21.808192000000002,91.85,163,0,artifacts/cifar10/runs/pareto/final/dispatcher-01555.pt,2000,1.0,0,0.0,0,0.0,0,0.0,True,90.13109638537819,0.31890361462181716,True,"[37.11455272151096,15.5991280644239,0.6109107332236507,8.241659818883946,2.5986139474590644,46.011117258710094,71.70583985866381,84.88033734337274,16.546741405310836,80.84355009436186,30.90183777395426,39.51082280860095,85.69087261093996,91.05368547461649,24.871057329717914,24.723283123367796,1.5671611835946133]"
1613,ISNS,90.71249999999999,90.45,-0.26249999999999885,21.808192000000002,21.808192000000002,91.85,163,0,artifacts/cifar10/runs/pareto/final/dispatcher-01613.pt,2000,1.0,0,0.0,0,0.0,0,0.0,True,90.13109638537819,0.31890361462181716,True,"[37.11455272151096,15.5991280644239,0.6109107332236507,8.241659818883946,2.5986139474590644,46.011117258710094,71.70583985866381,84.88033734337274,16.546741405310836,80.84355009436186,30.90183777395426,39.51082280860095,85.69087261093996,91.05368547461649,24.871057329717914,24.723283123367796,1.5671611835946133]"
1620,ISNS,90.71249999999999,90.45,-0.26249999999999885,21.808192000000002,21.808192000000002,91.85,163,0,artifacts/cifar10/runs/pareto/final/dispatcher-01620.pt,2000,1.0,0,0.0,0,0.0,0,0.0,True,90.13109638537819,0.31890361462181716,True,"[37.11455272151096,15.590778275669665,0.7520250363844353,8.227123438032356,2.5986139474590644,49.20950086773231,71.70583985866381,82.72743801773844,16.546741405310836,4.465468407733852,30.90183777395426,39.51082280860095,79.89712919946417,91.05368547461649,24.833362891613383,24.723283123367796,1.5671611835946133]"
1626,ISNS,90.71249999999999,90.45,-0.26249999999999885,21.808192000000002,21.808192000000002,91.85,163,0,artifacts/cifar10/runs/pareto/final/dispatcher-01626.pt,2000,1.0,0,0.0,0,0.0,0,0.0,True,90.13109638537819,0.31890361462181716,True,"[28.156931939571496,29.77637425489408,0.6109107332236507,8.241659818883946,2.5986139474590644,75.08092376466661,71.80154117231538,91.71272649064498,16.546741405310836,77.16641278071627,30.23906813723633,39.51082280860095,84.49850977440867,91.05368547461649,41.29964779830805,24.723283123367796,1.5671611835946133]"
1665,ISNS,90.71249999999999,90.45,-0.26249999999999885,21.808192000000002,21.808192000000002,91.85,163,0,artifacts/cifar10/runs/pareto/final/dispatcher-01665.pt,2000,1.0,0,0.0,0,0.0,0,0.0,True,90.13109638537819,0.31890361462181716,True,"[28.156931939571496,29.77637425489408,0.6109107332236507,8.241659818883946,2.5986139474590644,80.58568389244883,65.90012499233941,91.71272649064498,16.546741405310836,77.16641278071627,30.23906813723633,39.51082280860095,84.49850977440867,91.05368547461649,41.29964779830805,19.72464280746747,1.5671611835946133]"
1681,ISNS,90.71249999999999,90.45,-0.26249999999999885,21.808192000000002,21.808192000000002,91.85,163,0,artifacts/cifar10/runs/pareto/final/dispatcher-01681.pt,2000,1.0,0,0.0,0,0.0,0,0.0,True,90.13109638537819,0.31890361462181716,True,"[37.11455272151096,27.725382287085193,37.97079723463821,7.143144821814287,2.0936736456019824,46.011117258710094,71.34669429660303,84.79906127181616,16.546741405310836,80.84355009436186,30.90183777395426,39.62502875620525,85.69087261093996,91.05368547461649,25.8770144816065,24.723283123367796,1.7864888766661529]"
1709,ISNS,90.71249999999999,90.45,-0.26249999999999885,21.808192000000002,21.808192000000002,91.85,163,0,artifacts/cifar10/runs/pareto/final/dispatcher-01709.pt,2000,1.0,0,0.0,0,0.0,0,0.0,True,90.13109638537819,0.31890361462181716,True,"[27.44367340966875,29.77637425489408,0.6109107332236507,8.240888448764277,2.5986139474590644,79.04872862998917,71.80154117231538,91.71272649064498,16.546741405310836,77.16641278071627,95.57529162019355,39.51082280860095,84.49850977440867,91.05368547461649,92.157142025053,24.723283123367796,1.5674517119451168]"
1746,ISNS,90.71249999999999,90.45,-0.26249999999999885,21.808192000000002,21.808192000000002,91.85,163,0,artifacts/cifar10/runs/pareto/final/dispatcher-01746.pt,2000,1.0,0,0.0,0,0.0,0,0.0,True,90.13109638537819,0.31890361462181716,True,"[37.11455272151096,27.739506197465133,1.8654483941759814,7.143144821814287,2.0936736456019824,45.88912669464689,71.34674238440094,84.79906127181616,16.546741405310836,80.84355009436186,30.90183777395426,39.51710744731604,85.65327068678391,91.05368547461649,40.5721434987946,24.723283123367796,1.5694016428966737]"
1823,ISNS,90.71249999999999,90.45,-0.26249999999999885,21.808192000000002,21.808192000000002,91.85,163,0,artifacts/cifar10/runs/pareto/final/dispatcher-01823.pt,2000,1.0,0,0.0,0,0.0,0,0.0,True,90.13109638537819,0.31890361462181716,True,"[36.93271262092864,27.739506197465133,1.8660869362280208,7.143144821814287,2.0936736456019824,45.88912669464689,34.35323606476721,84.79906127181616,7.651575075919429,80.84355009436186,36.0622515092317,39.51710744731604,85.65327068678391,91.05368547461649,40.5721434987946,24.293420893568147,1.5694016428966737]"
1828,ISNS,90.71249999999999,90.45,-0.26249999999999885,21.808192000000002,21.808192000000002,91.85,163,0,artifacts/cifar10/runs/pareto/final/dispatcher-01828.pt,2000,1.0,0,0.0,0,0.0,0,0.0,True,90.13109638537819,0.31890361462181716,True,"[66.06853440300841,27.739506197465133,0.7349153840441683,7.143144821814287,2.0936736456019824,44.77448023524603,71.34674238440094,84.79906127181616,16.53362521049617,80.84355009436186,30.90183777395426,38.703570761753156,82.85559358656081,92.08435862497775,38.817864188246716,64.13029074232334,1.672698513222793]"
1830,ISNS,90.71249999999999,90.45,-0.26249999999999885,21.808192000000002,21.808192000000002,91.85,163,0,artifacts/cifar10/runs/pareto/final/dispatcher-01830.pt,2000,1.0,0,0.0,0,0.0,0,0.0,True,90.13109638537819,0.31890361462181716,True,"[59.2533712896648,29.77637425489408,0.6109107332236507,8.241659818883946,2.1224817438297165,75.08092376466661,83.26162036951354,79.98775899220402,16.75212768523548,77.73854470353777,30.23906813723633,39.28407327306097,26.52367666972169,90.99886419318318,93.51476944169261,24.723283123367796,1.571504453951123]"
1878,ISNS,90.71249999999999,90.45,-0.26249999999999885,21.808192000000002,21.808192000000002,91.85,163,0,artifacts/cifar10/runs/pareto/final/dispatcher-01878.pt,2000,1.0,0,0.0,0,0.0,0,0.0,True,90.13109638537819,0.31890361462181716,True,"[27.980803980676527,29.601992247427784,36.46174804944805,8.654513303041146,1.9462587383549916,6.634018322145536,83.02827487826542,91.39169536275651,17.733391830049882,10.62836389753451,32.1987412631306,20.51493097189837,81.83690038875356,68.67175877573895,86.17825629099953,26.859226325505517,1.6624945149252874]"
1891,ISNS,90.71249999999999,90.45,-0.26249999999999885,21.808192000000002,21.808192000000002,91.85,163,0,artifacts/cifar10/runs/pareto/final/dispatcher-01891.pt,2000,1.0,0,0.0,0,0.0,0,0.0,True,90.13109638537819,0.31890361462181716,True,"[59.2533712896648,29.303915370032193,0.6109107332236507,8.241659818883946,2.1224817438297165,73.74122047494129,82.06359141829684,79.98775899220402,16.75212768523548,77.73854470353777,24.046528040584406,21.111246004364858,26.52367666972169,71.12084536502049,93.51476944169261,25.53562805336544,1.6448260100039123]"
1906,ISNS,90.71249999999999,90.45,-0.26249999999999885,21.808192000000002,21.808192000000002,91.85,163,0,artifacts/cifar10/runs/pareto/final/dispatcher-01906.pt,2000,1.0,0,0.0,0,0.0,0,0.0,True,90.13109638537819,0.31890361462181716,True,"[59.2533712896648,29.295604812711233,0.6109107332236507,0.9532327425438254,2.1224817438297165,73.73868982084244,83.26162036951354,79.98775899220402,16.75212768523548,77.73854470353777,30.23906813723633,39.28407327306097,26.52367666972169,91.01340057008797,93.51476944169261,24.723283123367796,1.571504453951123]"
1915,ISNS,90.71249999999999,90.45,-0.26249999999999885,21.808192000000002,21.808192000000002,91.85,163,0,artifacts/cifar10/runs/pareto/final/dispatcher-01915.pt,2000,1.0,0,0.0,0,0.0,0,0.0,True,90.13109638537819,0.31890361462181716,True,"[58.70023950910281,17.030425053156176,0.6109107332236507,8.476994771449569,2.1224817438297165,73.74122047494129,79.84942554118595,79.96107954567921,16.75212768523548,4.076982696476229,30.82893939993715,21.111246004364858,30.005703682235943,70.54719045596488,99.13439357891541,25.53562805336544,1.686000424492083]"
1931,ISNS,90.71249999999999,90.45,-0.26249999999999885,21.808192000000002,21.808192000000002,91.85,163,0,artifacts/cifar10/runs/pareto/final/dispatcher-01931.pt,2000,1.0,0,0.0,0,0.0,0,0.0,True,90.13109638537819,0.31890361462181716,True,"[67.28067293757852,29.78468481221504,0.6109107332236507,8.241659818883946,2.1224817438297165,75.08345441876546,82.06359141829684,79.98775899220402,16.75212768523548,77.73854470353777,24.046528040584406,21.111246004364858,26.52367666972169,66.67316945332568,93.51476944169261,25.53562805336544,1.6448260100039123]"
1974,ISNS,90.71249999999999,90.45,-0.26249999999999885,21.808192000000002,21.808192000000002,91.85,163,0,artifacts/cifar10/runs/pareto/final/dispatcher-01974.pt,2000,1.0,0,0.0,0,0.0,0,0.0,True,90.13109638537819,0.31890361462181716,True,"[93.18114100696155,29.29927815201232,1.3958980406289143,8.241659818883946,2.143864615673941,74.59975597504646,82.06359141829684,37.26090253959637,16.75212768523548,77.73854470353777,24.046528040584406,21.03192947922885,25.498521565114952,70.80095796192695,93.51476944169261,63.107731507925635,1.6448260100039123]"
1995,ISNS,90.71249999999999,90.45,-0.26249999999999885,21.808192000000002,21.808192000000002,91.85,163,0,artifacts/cifar10/runs/pareto/final/dispatcher-01995.pt,2000,1.0,0,0.0,0,0.0,0,0.0,True,90.13109638537819,0.31890361462181716,True,"[69.14956845034963,29.78468481221504,0.7661734732238088,8.241659818883946,2.1224817438297165,75.08345441876546,82.06359141829684,79.98775899220402,16.820694791454756,77.73854470353777,24.046528040584406,21.111246004364858,82.0005583821809,66.56239622188008,93.51476944169261,26.372721830040554,1.6448260100039123]"
2043,ISNS,90.71249999999999,90.45,-0.26249999999999885,21.808192000000002,21.808192000000002,91.85,163,0,artifacts/cifar10/runs/pareto/final/dispatcher-02043.pt,2000,1.0,0,0.0,0,0.0,0,0.0,True,90.13109638537819,0.31890361462181716,True,"[59.82628732842085,29.25377154878631,0.6109107332236507,8.241659818883946,2.1224817438297165,73.74122047494129,82.06359141829684,79.98775899220402,16.58707206012361,80.68012070721895,24.046528040584406,29.4529327603974,26.52367666972169,71.12084536502049,21.72995707499429,25.53562805336544,1.6448260100039123]"
2066,ISNS,90.71249999999999,90.45,-0.26249999999999885,21.808192000000002,21.808192000000002,91.85,163,0,artifacts/cifar10/runs/pareto/final/dispatcher-02066.pt,2000,1.0,0,0.0,0,0.0,0,0.0,True,90.13109638537819,0.31890361462181716,True,"[60.419933677208505,29.303915370032193,0.6109107332236507,8.241659818883946,2.1224817438297165,73.74122047494129,82.06359141829684,79.98775899220402,16.75212768523548,77.73854470353777,24.046528040584406,36.744907542522974,26.52367666972169,71.11133802066915,39.07834192785607,25.803803720984924,1.6167811355249593]"
2124,ISNS,90.71249999999999,90.45,-0.26249999999999885,21.808192000000002,21.808192000000002,91.85,163,0,artifacts/cifar10/runs/pareto/final/dispatcher-02124.pt,2000,1.0,0,0.0,0,0.0,0,0.0,True,90.13109638537819,0.31890361462181716,True,"[60.11124928168777,29.303915370032193,0.5954827017168638,8.241659818883946,2.1224817438297165,73.74122047494129,81.0049556632419,79.90881966562566,17.380074485221563,77.73854470353777,24.046528040584406,21.111246004364858,26.52367666972169,71.05745211383817,92.83290018986827,23.816785001783575,1.6448260100039123]"
2134,ISNS,90.71249999999999,90.45,-0.26249999999999885,21.808192000000002,21.808192000000002,91.85,163,0,artifacts/cifar10/runs/pareto/final/dispatcher-02134.pt,2000,1.0,0,0.0,0,0.0,0,0.0,True,90.13109638537819,0.31890361462181716,True,"[59.2533712896648,29.303915370032193,0.6109107332236507,8.241659818883946,2.1224817438297165,73.74122047494129,82.06359141829684,79.98775899220402,16.75212768523548,77.73854470353777,24.046528040584406,21.111246004364858,26.52367666972169,71.12084536502049,93.51476944169261,25.53562805336544,1.6448260100039123]"
2160,ISNS,90.71249999999999,90.45,-0.26249999999999885,21.808192000000002,21.808192000000002,91.85,163,0,artifacts/cifar10/runs/pareto/final/dispatcher-02160.pt,2000,1.0,0,0.0,0,0.0,0,0.0,True,90.13109638537819,0.31890361462181716,True,"[59.2533712896648,29.303915370032193,0.6109107332236507,8.241659818883946,2.1224817438297165,73.74122047494129,82.06359141829684,79.98775899220402,16.75212768523548,77.73854470353777,24.046528040584406,21.111246004364858,26.52367666972169,71.12084536502049,93.51476944169261,25.53562805336544,1.6448260100039123]"
2173,ISNS,90.71249999999999,90.45,-0.26249999999999885,21.808192000000002,21.808192000000002,91.85,163,0,artifacts/cifar10/runs/pareto/final/dispatcher-02173.pt,2000,1.0,0,0.0,0,0.0,0,0.0,True,90.13109638537819,0.31890361462181716,True,"[60.419933677208505,29.256640416967947,0.6109107332236507,8.241659818883946,2.1224817438297165,73.98449129252947,82.06359141829684,79.00065672738162,14.681137618589561,75.67682241089108,87.78212412516086,71.37752194865973,26.52367666972169,71.37691840019441,39.07834192785607,27.134500615759997,1.6167811355249593]"
2236,ISNS,90.71249999999999,90.45,-0.26249999999999885,21.808192000000002,21.808192000000002,91.85,163,0,artifacts/cifar10/runs/pareto/final/dispatcher-02236.pt,2000,1.0,0,0.0,0,0.0,0,0.0,True,90.13109638537819,0.31890361462181716,True,"[59.2533712896648,28.91256683714289,0.6109107332236507,8.241659818883946,2.1224817438297165,67.82315714586389,82.06359141829684,79.98775899220402,16.75212768523548,77.73854470353777,24.046528040584406,21.111246004364858,26.52367666972169,71.12084536502049,93.51476944169261,25.53562805336544,1.6448260100039123]"
2262,ISNS,90.71249999999999,90.45,-0.26249999999999885,21.808192000000002,21.808192000000002,91.85,163,0,artifacts/cifar10/runs/pareto/final/dispatcher-02262.pt,2000,1.0,0,0.0,0,0.0,0,0.0,True,90.13109638537819,0.31890361462181716,True,"[59.2533712896648,28.931330044851997,0.6109107332236507,8.241659818883946,0.18576265153128446,67.82315714586389,82.06370607103467,79.98775899220402,16.75212768523548,57.93268051293134,24.046528040584406,37.2763785600143,26.52367666972169,71.27114766935172,93.51476944169261,25.53562805336544,1.6448260100039123]"
2282,ISNS,90.71249999999999,90.45,-0.26249999999999885,21.808192000000002,21.808192000000002,91.85,163,0,artifacts/cifar10/runs/pareto/final/dispatcher-02282.pt,2000,1.0,0,0.0,0,0.0,0,0.0,True,90.13109638537819,0.31890361462181716,True,"[60.419933677208505,29.256640416967947,36.42909736533659,8.241659818883946,2.1224817438297165,74.35918137574244,82.06359141829684,65.09679283943512,17.51496822850214,75.67682241089108,89.2287006106301,71.37752194865973,26.52367666972169,71.37691840019441,48.19228349084926,28.059271635882325,1.6170874306752607]"
2293,ISNS,90.71249999999999,90.45,-0.26249999999999885,21.808192000000002,21.808192000000002,91.85,163,0,artifacts/cifar10/runs/pareto/final/dispatcher-02293.pt,2000,1.0,0,0.0,0,0.0,0,0.0,True,90.13109638537819,0.31890361462181716,True,"[59.48636522204495,28.74804948656121,0.6109107332236507,8.241659818883946,2.1224817438297165,46.21090997038455,82.06359141829684,79.98775899220402,16.75212768523548,77.73854470353777,31.55960365563171,62.468308587373926,27.110600618674848,68.66368641858303,97.00559204502702,60.825369642347894,1.6448260100039123]"
2302,ISNS,90.71249999999999,90.45,-0.26249999999999885,21.808192000000002,21.808192000000002,91.85,163,0,artifacts/cifar10/runs/pareto/final/dispatcher-02302.pt,2000,1.0,0,0.0,0,0.0,0,0.0,True,90.13109638537819,0.31890361462181716,True,"[59.48636522204495,28.74804948656121,0.6109107332236507,8.241659818883946,2.1224817438297165,48.5007369439256,82.06359141829684,79.98775899220402,16.75212768523548,77.73854470353777,31.55960365563171,62.468308587373926,27.110600618674848,68.66368641858303,97.00559204502702,60.825369642347894,1.6448260100039123]"
2322,ISNS,90.71249999999999,90.45,-0.26249999999999885,21.808192000000002,21.808192000000002,91.85,163,0,artifacts/cifar10/runs/pareto/final/dispatcher-02322.pt,2000,1.0,0,0.0,0,0.0,0,0.0,True,90.13109638537819,0.31890361462181716,True,"[68.36659348685298,15.997522207906893,2.4553609787455613,8.241659818883946,2.1224817438297165,73.96714427694513,81.70644873730195,79.00065672738162,14.797609285028525,75.67682241089108,87.78212412516086,71.52516885563081,26.52367666972169,71.37088342240925,39.07834192785607,27.134500615759997,1.6167811355249593]"
2336,ISNS,90.71249999999999,90.45,-0.26249999999999885,21.808192000000002,21.808192000000002,91.85,163,0,artifacts/cifar10/runs/pareto/final/dispatcher-02336.pt,2000,1.0,0,0.0,0,0.0,0,0.0,True,90.13109638537819,0.31890361462181716,True,"[60.419933677208505,24.592954253495417,0.6109107332236507,8.175038370546234,1.2669968988848184,73.98449129252947,32.53807796525379,3.139878148373498,14.681137618589561,75.84604975709175,88.1710865880867,71.44009872433485,8.78967888868347,70.91076941342193,40.565119799203934,27.134500615759997,1.6167811355249593]"
2342,ISNS,90.71249999999999,90.45,-0.26249999999999885,21.808192000000002,21.808192000000002,91.85,163,0,artifacts/cifar10/runs/pareto/final/dispatcher-02342.pt,2000,1.0,0,0.0,0,0.0,0,0.0,True,90.13109638537819,0.31890361462181716,True,"[59.48636522204495,28.74804948656121,0.6109107332236507,8.241659818883946,5.5321709675698525,46.21090997038455,82.06359141829684,1.7398691114274385,16.75212768523548,77.73854470353777,31.55960365563171,39.53623174899343,27.110600618674848,68.66368641858303,19.262178959837087,60.825369642347894,1.5831032506817098]"
2391,ISNS,90.71249999999999,90.45,-0.26249999999999885,21.808192000000002,21.808192000000002,91.85,163,0,artifacts/cifar10/runs/pareto/final/dispatcher-02391.pt,2000,1.0,0,0.0,0,0.0,0,0.0,True,90.13109638537819,0.31890361462181716,True,"[30.961346698744926,24.336198165826584,0.4394859648435947,8.063428731625917,4.541800873967084,46.241822090431064,82.07094789805814,81.404380400821,16.387970036501244,4.566235597676549,30.900189394834307,38.78112818666989,25.10577027400608,68.98911046456773,92.32090095679666,60.89640148242325,1.6248492531632546]"
2410,ISNS,90.71249999999999,90.45,-0.26249999999999885,21.808192000000002,21.808192000000002,91.85,163,0,artifacts/cifar10/runs/pareto/final/dispatcher-02410.pt,2000,1.0,0,0.0,0,0.0,0,0.0,True,90.13109638537819,0.31890361462181716,True,"[60.419933677208505,29.20586297549368,0.6109107332236507,8.241659818883946,1.9231700424909013,73.94767665417035,81.43112581724253,81.38735851239521,14.03199111430817,75.67682241089108,87.19136136259897,37.30885388547516,26.52367666972169,69.13626630637782,39.07834192785607,27.501496468612682,1.6167811355249593]"
2460,ISNS,90.71249999999999,90.45,-0.26249999999999885,21.808192000000002,21.808192000000002,91.85,163,0,artifacts/cifar10/runs/pareto/final/dispatcher-02460.pt,2000,1.0,0,0.0,0,0.0,0,0.0,True,90.13109638537819,0.31890361462181716,True,"[59.95371914716896,24.336198165826584,0.4394859648435947,10.33532354687573,4.541800873967084,46.241822090431064,82.07094789805814,81.38180644289233,14.708008309883576,2.9669275773858033,30.900189394834307,38.78112818666989,26.22588584837955,69.08544231235602,92.32090095679666,60.89640148242325,1.6248492531632546]"
2472,ISNS,90.71249999999999,90.45,-0.26249999999999885,21.808192000000002,21.808192000000002,91.85,163,0,artifacts/cifar10/runs/pareto/final/dispatcher-02472.pt,2000,1.0,0,0.0,0,0.0,0,0.0,True,90.13109638537819,0.31890361462181716,True,"[37.309011392563605,29.097382774347707,0.6109107332236507,46.51851481442877,1.9231700424909013,73.94767665417035,81.73507050171591,81.38735851239521,14.03199111430817,75.65042151363724,87.24759386811658,37.32803300929347,26.52367666972169,69.5700153210244,39.07834192785607,27.501496468612682,1.6167811355249593]"
1752,ISNS,90.73750000000001,90.4,-0.3375000000000017,21.850147000000003,21.836162,91.8,163,1,artifacts/cifar10/runs/pareto/final/dispatcher-01752.pt,1999,0.9995,1,0.0005,0,0.0,0,0.0,False,90.13483668009269,0.265163319907316,True,"[28.156931939571496,26.394988069528743,1.4436168617981942,8.241659818883946,2.5986139474590644,91.15850206013951,71.80154117231538,91.72861765570683,26.22186964879716,77.16641278071627,94.07901976592396,77.71299063004808,84.48226759925411,93.00668314294217,41.29964779830805,25.050469414463564,1.5551303285074012]"
1932,ISNS,90.725,90.4,-0.3249999999999975,21.8151845,21.836162,91.8,163,1,artifacts/cifar10/runs/pareto/final/dispatcher-01932.pt,1999,0.9995,1,0.0005,0,0.0,0,0.0,False,90.13483668009269,0.265163319907316,True,"[32.64154230135583,34.85984839580699,37.253573828325706,6.991389433803766,98.09262654309235,6.631403169224934,82.03225327329682,37.71069522507808,17.366761812468923,30.362297304039487,47.14431762597137,37.892946884876864,78.17262023784151,34.05374535165817,85.04297782019566,63.45856384207306,1.349691632594935]"
514,ISNS,90.7625,90.45,-0.31250000000000444,21.948042,22.003982,91.60000000000001,162,6,artifacts/cifar10/runs/pareto/final/dispatcher-00514.pt,1993,0.9965,7,0.0035,0,0.0,0,0.0,False,90.15717832955518,0.2928216704448232,True,"[69.61653421970686,16.502615834060492,23.76849818029596,46.978896342963964,4.293314573280297,58.56370356578056,82.31025573118637,34.621019431092336,79.28214691774879,99.15945062145813,98.24114806102004,9.837307928049702,10.848706474691383,31.007365002396426,24.60855398128431,89.25993259660981,1.547880464794921]"
1465,ISNS,90.825,90.5,-0.3249999999999975,22.283682000000002,22.115862000000003,91.4,162,10,artifacts/cifar10/runs/pareto/final/dispatcher-01465.pt,1989,0.9945,11,0.0055,0,0.0,0,0.0,True,90.17197829794506,0.3280217020549401,True,"[37.11455272151096,15.142668159100566,18.78371061792152,8.241659818883946,4.307097620715226,46.50837838544824,73.25508948016005,84.88033734337274,16.66304259029377,6.0453579509076025,23.89791151312776,38.525205297944815,15.196794457474756,91.05368547461649,20.570025916445566,24.723283123367796,1.6137828636945981]"
2249,ISNS,90.85,90.55,-0.30000000000000027,22.549397000000003,22.815112000000003,90.5,159,31,artifacts/cifar10/runs/pareto/final/dispatcher-02249.pt,1964,0.982,36,0.018,0,0.0,0,0.0,True,90.26281535906377,0.28718464093623197,True,"[21.715622862142506,13.943842876906103,0.7376916828241245,10.434381348468444,56.140461851201266,73.72753308311002,81.10786828147529,84.26903238965798,0.1715097171604157,72.48398258628573,29.342686802995765,39.743933631366,76.13309427222853,71.05147140755984,18.84511374298758,25.56522700136358,1.6554820077579437]"
516,ISNS,90.975,90.60000000000001,-0.374999999999992,23.052857000000003,23.430452000000002,89.60000000000001,157,51,artifacts/cifar10/runs/pareto/final/dispatcher-00516.pt,1942,0.971,58,0.029,0,0.0,0,0.0,True,90.34047798421379,0.25952201578621725,True,"[29.82157135116728,26.67392223188869,2.378556123393618,8.072136478295354,94.70639669450614,46.45840226960762,40.441613141536095,1.414879168012341,1.3017809861469498,3.8547927075079116,32.5777028081581,38.69836653548433,12.702469499194727,93.72105843061142,94.24973310944475,26.63408173996181,1.1898417031531057]"
1328,ISNS,90.975,90.60000000000001,-0.374999999999992,23.052857000000003,23.430452000000002,89.60000000000001,157,51,artifacts/cifar10/runs/pareto/final/dispatcher-01328.pt,1942,0.971,58,0.029,0,0.0,0,0.0,True,90.34047798421379,0.25952201578621725,True,"[29.82157135116728,26.67392223188869,2.378556123393618,8.072136478295354,94.70639669450614,46.45840226960762,40.441613141536095,1.414879168012341,1.3017809861469498,3.8547927075079116,32.5777028081581,38.69836653548433,12.702469499194727,93.72105843061142,94.24973310944475,26.63408173996181,1.1898417031531057]"
808,ISNS,91.0125,90.60000000000001,-0.4124999999999934,23.514362000000002,23.877972,89.14999999999999,154,63,artifacts/cifar10/runs/pareto/final/dispatcher-00808.pt,1926,0.963,74,0.037,0,0.0,0,0.0,False,90.39568932458043,0.2043106754195776,True,"[29.82157135116728,26.69067793230977,2.378556123393618,6.698860326701357,59.40366674757086,46.82430731082425,40.441613141536095,37.18127415185321,0.25245652732295554,6.883140340828655,32.5777028081581,37.99297929564978,12.702469499194727,90.6730897508392,94.5185557467422,62.46930052126479,1.3248298884773952]"
1783,ISNS,91.0625,90.7,-0.36249999999999893,23.975867,24.157672,88.7,153,73,artifacts/cifar10/runs/pareto/final/dispatcher-01783.pt,1916,0.958,84,0.042,0,0.0,0,0.0,True,90.429673373834,0.27032662616599623,True,"[32.64154230135583,28.473708849620518,37.253573828325706,6.991389433803766,98.09262654309235,6.631403169224934,82.03225327329682,37.71069522507808,17.366761812468923,30.362297304039487,47.14431762597137,37.892946884876864,78.17262023784151,34.05374535165817,85.04297782019566,63.45856384207306,1.349691632594935]"
2394,ISNS,91.1375,90.9,-0.2375000000000016,24.759027000000003,24.800982,88.05,149,90,artifacts/cifar10/runs/pareto/final/dispatcher-02394.pt,1893,0.9465,107,0.0535,0,0.0,0,0.0,True,90.50636663348823,0.3936333665117786,True,"[60.419933677208505,29.256640416967947,0.6109107332236507,8.241659818883946,55.483693405939846,91.14094681791397,79.87347543247819,79.4484509098329,14.681137618589561,75.87246687854898,87.78212412516086,71.37752194865973,26.124496533215485,70.49853227071779,39.07834192785607,27.134500615759997,1.68148122716314]"
1223,ISNS,91.07499999999999,90.64999999999999,-0.4249999999999976,24.4863195,24.884892,87.55,153,96,artifacts/cifar10/runs/pareto/final/dispatcher-01223.pt,1890,0.945,110,0.055,0,0.0,0,0.0,False,90.51622312988978,0.13377687011021067,True,"[37.26575033595433,27.246605741310677,0.6930233641817516,10.695565308418374,94.69972496867483,74.23950786930106,34.51518330499865,36.633956729229254,1.0325094661727305,75.9716823145055,30.628386493747406,38.206889020014025,32.86647342982075,70.43141924596566,99.1397747285924,23.96526961247138,1.2273395252585528]"
1999,ISNS,91.23750000000001,90.64999999999999,-0.5875000000000075,25.290457,25.248502000000002,87.3,150,104,artifacts/cifar10/runs/pareto/final/dispatcher-01999.pt,1877,0.9385,123,0.0615,0,0.0,0,0.0,False,90.5585540486265,0.09144595137348688,True,"[59.543370082859425,27.911091348421195,36.71170064867745,7.09150273394609,59.53621553875301,5.816787549177818,82.03225327329682,80.726472498893,17.366761812468923,32.659493625283865,47.98564349425426,37.97226341001386,79.19777031367853,34.373632753709074,85.04297782019566,25.849271333000264,1.261299194818019]"
1163,ISNS,91.325,90.9,-0.4249999999999976,25.7169995,25.388352,87.3,147,107,artifacts/cifar10/runs/pareto/final/dispatcher-01163.pt,1872,0.936,128,0.064,0,0.0,0,0.0,False,90.57467305350099,0.3253269464990183,True,"[93.4715914549673,27.906454130401322,37.253573828325706,7.09150273394609,59.380305156546086,6.631403169224934,82.03225327329682,37.71069522507808,17.366761812468923,30.362297304039487,47.98564349425426,37.892946884876864,78.17262023784151,34.05374535165817,85.04297782019566,63.421374780349176,1.3210845825633122]"
2154,ISNS,91.325,90.9,-0.4249999999999976,25.7169995,25.388352,87.3,147,107,artifacts/cifar10/runs/pareto/final/dispatcher-02154.pt,1872,0.936,128,0.064,0,0.0,0,0.0,False,90.57467305350099,0.3253269464990183,True,"[93.4715914549673,27.906454130401322,37.253573828325706,7.09150273394609,59.380305156546086,6.631403169224934,82.03225327329682,37.71069522507808,17.366761812468923,30.362297304039487,47.98564349425426,37.892946884876864,78.17262023784151,34.05374535165817,85.04297782019566,63.421374780349176,1.3210845825633122]"
1117,ISNS,91.3375,91.05,-0.2875000000000072,26.6400095,26.730912,86.15,138,139,artifacts/cifar10/runs/pareto/final/dispatcher-01117.pt,1824,0.912,176,0.088,0,0.0,0,0.0,True,90.72504709864937,0.3249529013506276,True,"[60.60473292493925,16.67544413000474,33.17790898858229,9.791494526965806,58.458095749369754,10.793736247674982,39.63826885687231,1.2041100136568055,1.999621496187686,24.685768955247095,85.86473080223767,18.356797257470056,0.6887374922858402,35.24589070472305,23.61744224698645,61.612759560366314,1.5248606949319634]"
1455,ISNS,91.3625,90.9,-0.462499999999999,27.1714395,27.514072000000002,84.39999999999999,141,171,artifacts/cifar10/runs/pareto/final/dispatcher-01455.pt,1796,0.898,204,0.102,0,0.0,0,0.0,False,90.80931505414922,0.09068494585078213,True,"[30.9608336384234,15.810318284740049,21.948004438438886,8.085711876828572,92.28921035480428,42.86767450449013,2.641284914743771,8.735123831870027,17.37231766046197,5.607222607738237,33.71406187316022,61.67949936997812,81.17401409338002,68.65495711368797,35.0919827027035,58.4478038785392,1.3874494963403978]"
2447,INS,91.4125,91.0,-0.4124999999999934,27.5419845,27.807642,84.3,138,176,artifacts/cifar10/runs/pareto/final/dispatcher-02447.pt,1789,0.8945,210,0.105,1,0.0005,0,0.0,False,90.84028650068316,0.15971349931683676,True,"[59.81848409171852,16.63312940428663,63.53763410230796,8.453165953035889,11.858811126640283,49.2726707165317,1.6160514123690213,81.404380400821,1.8813375622763147,3.838522341050094,30.900189394834307,37.073893503345595,80.10707509509442,35.74838053325457,24.834445462628118,98.44380431325251,0.8792077209979456]"
1722,INS,91.525,91.05,-0.4750000000000032,28.031517,28.017532000000003,83.75,139,186,artifacts/cifar10/runs/pareto/final/dispatcher-01722.pt,1778,0.889,222,0.111,0,0.0,0,0.0,False,90.86222995909934,0.1877700409006593,True,"[59.80475989166751,15.97897024756527,63.609419513684635,8.453165953035889,10.048644467944758,49.2726707165317,1.6160514123690213,81.404380400821,1.8813375622763147,3.231521579446806,30.900189394834307,37.073893503345595,80.10707509509442,79.31503608709282,24.834445462628118,97.31967838372555,0.888957400045503]"
1945,ISNS,91.53750000000001,90.8,-0.737500000000002,29.730694500000002,29.304152000000002,82.15,134,223,artifacts/cifar10/runs/pareto/final/dispatcher-01945.pt,1732,0.866,268,0.134,0,0.0,0,0.0,False,90.99325239641203,-0.19325239641203495,False,"[32.022249975159994,27.233561595899133,0.6930233641817516,10.415301073617266,94.56188122845282,74.23950786930106,34.72150368726312,81.51868308478538,3.3471078076882455,57.08493282760929,30.894776336444913,38.206889020014025,29.239549971658565,69.13303589638342,14.353059548978123,23.870721038243786,1.2262452491347762]"
602,ISNS,91.55,90.9,-0.649999999999995,30.1082895,29.332122000000002,81.65,136,231,artifacts/cifar10/runs/pareto/final/dispatcher-00602.pt,1731,0.8655,269,0.1345,0,0.0,0,0.0,False,90.99603638532335,-0.09603638532334458,False,"[37.26575033595433,16.48006062549379,3.1618339982638095,10.52260658557983,61.90721165239817,74.24423318601055,5.365664746407052,38.251136786375596,2.1197887194549097,75.87550165142513,32.17312834821392,38.206889020014025,28.0658760890608,70.43141924596566,14.353059548978123,23.870721038243786,1.2480900047494583]"
498,ISNS,91.5625,91.0,-0.5624999999999991,30.894802000000002,30.576442,80.45,132,259,artifacts/cifar10/runs/pareto/final/dispatcher-00498.pt,1697,0.8485,300,0.15,3,0.0015,0,0.0,False,91.11727668562233,-0.11727668562232907,False,"[37.26575033595433,16.48006062549379,0.6930233641817516,10.52260658557983,61.90721165239817,74.23950786930106,33.1314834262678,37.052990891172726,1.0325094661727305,75.87550165142513,32.14907260700793,38.206889020014025,28.73254230275947,70.43141924596566,14.353059548978123,23.870721038243786,1.2273395252585528]"
551,ISNS,91.5625,91.0,-0.5624999999999991,30.894802000000002,30.576442,80.45,132,259,artifacts/cifar10/runs/pareto/final/dispatcher-00551.pt,1697,0.8485,300,0.15,3,0.0015,0,0.0,False,91.11727668562233,-0.11727668562232907,False,"[37.26575033595433,16.48006062549379,0.6930233641817516,10.52260658557983,61.90721165239817,74.23950786930106,33.1314834262678,37.052990891172726,1.0325094661727305,75.87550165142513,32.14907260700793,38.206889020014025,28.73254230275947,70.43141924596566,14.353059548978123,23.870721038243786,1.2273395252585528]"
563,ISNS,91.5625,91.0,-0.5624999999999991,30.894802000000002,30.576442,80.45,132,259,artifacts/cifar10/runs/pareto/final/dispatcher-00563.pt,1697,0.8485,300,0.15,3,0.0015,0,0.0,False,91.11727668562233,-0.11727668562232907,False,"[37.26575033595433,16.48006062549379,0.6930233641817516,10.52260658557983,61.90721165239817,74.23950786930106,33.1314834262678,37.052990891172726,1.0325094661727305,75.87550165142513,32.14907260700793,38.206889020014025,28.73254230275947,70.43141924596566,14.353059548978123,23.870721038243786,1.2273395252585528]"
1987,ISNS,91.5625,91.0,-0.5624999999999991,30.894802000000002,30.576442,80.45,132,259,artifacts/cifar10/runs/pareto/final/dispatcher-01987.pt,1697,0.8485,300,0.15,3,0.0015,0,0.0,False,91.11727668562233,-0.11727668562232907,False,"[37.26575033595433,16.48006062549379,0.6930233641817516,10.52260658557983,61.90721165239817,74.23950786930106,33.1314834262678,37.052990891172726,1.0325094661727305,75.87550165142513,32.14907260700793,38.206889020014025,28.73254230275947,70.43141924596566,14.353059548978123,23.870721038243786,1.2273395252585528]"
485,ISNS,91.7,91.05,-0.6500000000000061,31.2270895,30.618742,80.35,129,264,artifacts/cifar10/runs/pareto/final/dispatcher-00485.pt,1685,0.8425,315,0.1575,0,0.0,0,0.0,False,91.1213109518908,-0.07131095189080838,False,"[30.013447532038697,15.921712530856258,22.817556206391018,8.072100081294469,58.06810576668416,46.294345842966635,1.2232978441992088,81.17755205874681,2.7187942117138846,4.566235597676549,68.9228457177149,61.67949936997812,79.12549432152645,68.66953039788811,35.0919827027035,60.895380464729215,1.3541680858477392]"
1011,ISNS,91.7,91.05,-0.6500000000000061,31.2270895,30.618742,80.35,129,264,artifacts/cifar10/runs/pareto/final/dispatcher-01011.pt,1685,0.8425,315,0.1575,0,0.0,0,0.0,False,91.1213109518908,-0.07131095189080838,False,"[30.013447532038697,15.921712530856258,22.817556206391018,8.072100081294469,58.06810576668416,46.294345842966635,1.2232978441992088,81.17755205874681,2.7187942117138846,4.566235597676549,68.9228457177149,61.67949936997812,79.12549432152645,68.66953039788811,35.0919827027035,60.895380464729215,1.3541680858477392]"
1551,ISNS,91.7,91.05,-0.6500000000000061,31.2270895,30.618742,80.35,129,264,artifacts/cifar10/runs/pareto/final/dispatcher-01551.pt,1685,0.8425,315,0.1575,0,0.0,0,0.0,False,91.1213109518908,-0.07131095189080838,False,"[30.005507976295295,15.921712530856258,22.817556206391018,8.072100081294469,58.06810576668416,46.294345842966635,83.90642978471536,81.17755205874681,2.7187942117138846,4.566235597676549,31.587390212440557,62.45585506652287,80.61270442760883,68.66953039788811,35.06849274892863,60.895380464729215,1.3541680858477392]"
1079,ISNS,91.625,90.7,-0.924999999999998,31.1291945,30.674682000000004,79.7,133,273,artifacts/cifar10/runs/pareto/final/dispatcher-01079.pt,1683,0.8415,317,0.1585,0,0.0,0,0.0,False,91.12663755167613,-0.42663755167612294,False,"[60.11038733268103,16.244403268649776,32.971803057759594,46.12345191353782,60.58301510211993,54.448451548326574,40.49506155043549,1.420349881411692,1.5082351778803798,81.45145486414854,31.534940449141477,17.832441317956548,24.031144860931974,34.9166945574237,23.493598630022696,89.14620500211196,1.1910897905669708]"
1730,ISNS,91.725,91.14999999999999,-0.5750000000000033,32.0801745,31.597692000000002,79.2,124,292,artifacts/cifar10/runs/pareto/final/dispatcher-01730.pt,1650,0.825,350,0.175,0,0.0,0,0.0,True,91.21315110667771,-0.06315110667772217,False,"[60.04832066834825,27.79790091293821,65.9021047719358,12.501512373578615,97.33203226149581,69.34751537964979,32.84440063324966,37.710603795554974,1.478909489093482,30.21767843488389,81.10591604512476,39.74027334844135,0.17886178470178749,87.23406292280487,23.253762641263208,98.12522287834801,1.5568229554204356]"
901,ISNS,91.7875,90.8,-0.9874999999999967,32.9472445,32.185062,77.7,129,317,artifacts/cifar10/runs/pareto/final/dispatcher-00901.pt,1629,0.8145,371,0.1855,0,0.0,0,0.0,False,91.26689908562946,-0.46689908562946414,False,"[60.205952183701896,16.244403268649776,32.971803057759594,46.12345191353782,59.57953545627608,58.81217386042337,40.49506155043549,1.420349881411692,1.5082351778803798,84.6202274674827,31.537341685146576,38.58173098547776,24.031144860931974,34.9166945574237,23.493598630022696,89.14620500211196,1.1910798402112297]"
1664,ISNS,91.7875,90.8,-0.9874999999999967,32.9472445,32.185062,77.7,129,317,artifacts/cifar10/runs/pareto/final/dispatcher-01664.pt,1629,0.8145,371,0.1855,0,0.0,0,0.0,False,91.26689908562946,-0.46689908562946414,False,"[60.205952183701896,16.244403268649776,32.971803057759594,46.12345191353782,59.57953545627608,58.81217386042337,40.49506155043549,1.420349881411692,1.5082351778803798,84.6202274674827,31.537341685146576,38.58173098547776,24.031144860931974,34.9166945574237,23.493598630022696,89.14620500211196,1.1910798402112297]"
1813,ISNS,91.7875,90.8,-0.9874999999999967,32.9472445,32.185062,77.7,129,317,artifacts/cifar10/runs/pareto/final/dispatcher-01813.pt,1629,0.8145,371,0.1855,0,0.0,0,0.0,False,91.26689908562946,-0.46689908562946414,False,"[60.205952183701896,16.244403268649776,32.971803057759594,46.12345191353782,59.57953545627608,58.81217386042337,40.49506155043549,1.420349881411692,1.5082351778803798,84.6202274674827,31.537341685146576,38.58173098547776,24.031144860931974,34.9166945574237,23.493598630022696,89.14620500211196,1.1910798402112297]"
2217,ISNS,91.7875,90.8,-0.9874999999999967,32.9472445,32.185062,77.7,129,317,artifacts/cifar10/runs/pareto/final/dispatcher-02217.pt,1629,0.8145,371,0.1855,0,0.0,0,0.0,False,91.26689908562946,-0.46689908562946414,False,"[60.205952183701896,16.244403268649776,32.971803057759594,46.12345191353782,59.57953545627608,57.01981924368257,40.49506155043549,1.420349881411692,1.5082351778803798,84.6202274674827,31.537341685146576,38.58173098547776,24.031144860931974,34.9166945574237,23.493598630022696,89.14620500211196,1.1910798402112297]"
1258,ISNS,91.77499999999999,91.05,-0.7249999999999979,32.8947145,32.380852000000004,77.7,124,322,artifacts/cifar10/runs/pareto/final/dispatcher-01258.pt,1622,0.811,378,0.189,0,0.0,0,0.0,False,91.28459731835677,-0.23459731835677644,False,"[37.02857656174386,16.52024976385814,0.6930233641817516,10.527552697665831,61.90721165239817,74.24535336771422,33.1314834262678,37.052990891172726,1.0296650454535554,75.87550165142513,31.965376567885865,38.20162175990137,28.73254230275947,70.43096534802432,14.353059548978123,20.567380267470508,1.2273395252585528]"
1099,ISNS,91.85,91.05,-0.8000000000000007,34.0240895,33.443712000000005,76.1,120,358,artifacts/cifar10/runs/pareto/final/dispatcher-01099.pt,1584,0.792,416,0.208,0,0.0,0,0.0,False,91.37884424278776,-0.3288442427877669,False,"[60.205952183701896,20.56627053599526,20.909078948706444,10.043337393705599,59.54538847673102,74.15297749787378,40.49506155043549,76.25207150364452,1.5054492283904073,76.34385491153053,31.453581447383733,15.429978003628326,24.031144860931974,70.56798080842407,23.493598630022696,89.14620500211196,1.1787352433185947]"
482,ISNS,91.875,91.4,-0.4749999999999921,34.0380745,33.555592000000004,76.44999999999999,118,353,artifacts/cifar10/runs/pareto/final/dispatcher-00482.pt,1580,0.79,420,0.21,0,0.0,0,0.0,True,91.38859018737058,0.011409812629423755,True,"[29.437878713942617,15.921712530856258,2.378556123393618,9.288452127118973,94.70639669450614,46.31322132396639,4.577848252886874,79.20180946413876,17.63343497579604,3.8547927075079116,32.5777028081581,38.69836653548433,12.702469499194727,93.72105843061142,93.37730482072772,26.63408173996181,1.6615312229321593]"
1237,ISNS,91.8875,91.10000000000001,-0.7874999999999965,34.786272,34.142962000000004,74.8,120,384,artifacts/cifar10/runs/pareto/final/dispatcher-01237.pt,1559,0.7795,441,0.2205,0,0.0,0,0.0,False,91.4392291305934,-0.3392291305933952,False,"[31.981525809914064,16.48637995707938,22.798093641809167,8.654513303041146,97.18328078781664,6.75445270991011,1.1213651950121246,79.24474379540368,18.27516639880635,4.301332544689226,32.1987412631306,21.728719496935433,81.87267340692506,68.67175877573895,34.609551816969855,60.06746549380786,1.655956952419464]"
1510,ISNS,91.8875,91.10000000000001,-0.7874999999999965,34.786272,34.142962000000004,74.8,120,384,artifacts/cifar10/runs/pareto/final/dispatcher-01510.pt,1559,0.7795,441,0.2205,0,0.0,0,0.0,False,91.4392291305934,-0.3392291305933952,False,"[31.981525809914064,16.48637995707938,22.798093641809167,8.654513303041146,97.18328078781664,2.2427714732887534,1.1213651950121246,79.24474379540368,18.27516639880635,4.301332544689226,32.1987412631306,21.728719496935433,79.91311652020879,68.67175877573895,34.609551816969855,60.06746549380786,1.655956952419464]"
790,ISNS,91.95,91.3,-0.649999999999995,35.240784500000004,34.450632,75.0,117,383,artifacts/cifar10/runs/pareto/final/dispatcher-00790.pt,1548,0.774,452,0.226,0,0.0,0,0.0,False,91.46540769777869,-0.16540769777869002,False,"[29.517769103112936,14.365515124905603,21.948004438438886,8.072100081294469,92.28921035480428,46.27523432749967,2.641284914743771,81.23306203484155,2.7187942117138846,5.607222607738237,97.12073919249177,61.67949936997812,79.12549432152645,68.66953039788811,35.0919827027035,27.293121194008204,1.3809825527566533]"
2180,ISNS,91.95,91.3,-0.649999999999995,35.240784500000004,34.450632,75.0,117,383,artifacts/cifar10/runs/pareto/final/dispatcher-02180.pt,1548,0.774,452,0.226,0,0.0,0,0.0,False,91.46540769777869,-0.16540769777869002,False,"[29.517769103112936,14.365515124905603,21.948004438438886,8.072100081294469,92.28921035480428,46.27523432749967,2.641284914743771,81.23306203484155,2.7187942117138846,5.607222607738237,97.12073919249177,61.67949936997812,79.12549432152645,68.66953039788811,35.0919827027035,27.293121194008204,1.3809825527566533]"
2300,ISNS,91.95,91.3,-0.649999999999995,35.240784500000004,34.450632,75.0,117,383,artifacts/cifar10/runs/pareto/final/dispatcher-02300.pt,1548,0.774,452,0.226,0,0.0,0,0.0,False,91.46540769777869,-0.16540769777869002,False,"[29.517769103112936,14.365515124905603,21.948004438438886,8.072100081294469,92.28921035480428,46.27523432749967,2.641284914743771,81.23306203484155,2.7187942117138846,5.607222607738237,97.12073919249177,61.67949936997812,79.12549432152645,68.66953039788811,35.0919827027035,27.293121194008204,1.3809825527566533]"
2318,ISNS,91.95,91.3,-0.649999999999995,35.240784500000004,34.450632,75.0,117,383,artifacts/cifar10/runs/pareto/final/dispatcher-02318.pt,1548,0.774,452,0.226,0,0.0,0,0.0,False,91.46540769777869,-0.16540769777869002,False,"[29.517769103112936,14.365515124905603,21.948004438438886,8.072100081294469,92.28921035480428,46.27523432749967,2.641284914743771,81.23306203484155,2.7187942117138846,5.607222607738237,97.12073919249177,61.67949936997812,79.12549432152645,68.66953039788811,35.0919827027035,27.293121194008204,1.3809825527566533]"
2268,ISNS,92.07499999999999,91.14999999999999,-0.924999999999998,35.877102,34.982062,74.15,117,400,artifacts/cifar10/runs/pareto/final/dispatcher-02268.pt,1529,0.7645,471,0.2355,0,0.0,0,0.0,False,91.51007933804084,-0.3600793380408476,False,"[30.005507976295295,11.760993053031793,22.817556206391018,10.384239164306857,58.06810576668416,67.90659301844589,83.90642978471536,81.17755205874681,2.7187942117138846,4.566235597676549,25.583098992074497,21.098792676249396,80.02577343639047,71.12668934432556,31.31863166982022,25.60563887869616,1.3541680858477392]"
447,ISNS,92.1125,90.9,-1.2124999999999941,36.415524500000004,36.380562,71.0,124,456,artifacts/cifar10/runs/pareto/final/dispatcher-00447.pt,1479,0.7395,521,0.2605,0,0.0,0,0.0,False,91.6244694889885,-0.7244694889884897,False,"[60.04832066834825,2.4008486345763327,60.491522965611345,12.501512373578615,97.33203226149581,73.02411385660696,32.84440063324966,38.562142882721375,1.478909489093482,93.34715645190757,81.03460341648334,39.74027334844135,0.09418748019227241,87.23406292280487,23.058252109527555,98.34058655623159,1.5568229554204356]"
849,ISNS,92.1125,90.9,-1.2124999999999941,36.415524500000004,36.380562,71.0,124,456,artifacts/cifar10/runs/pareto/final/dispatcher-00849.pt,1479,0.7395,521,0.2605,0,0.0,0,0.0,False,91.6244694889885,-0.7244694889884897,False,"[60.04832066834825,2.4008486345763327,60.491522965611345,12.501512373578615,97.33203226149581,73.02411385660696,32.84440063324966,38.562142882721375,1.478909489093482,93.34715645190757,81.03460341648334,39.74027334844135,0.09418748019227241,87.23406292280487,23.058252109527555,98.34058655623159,1.5568229554204356]"
427,ISNS,92.125,91.3,-0.824999999999998,37.7440995,37.415452,70.55,111,478,artifacts/cifar10/runs/pareto/final/dispatcher-00427.pt,1442,0.721,558,0.279,0,0.0,0,0.0,False,91.70632183388994,-0.40632183388994747,False,"[31.981525809914064,16.48506766258237,36.46174804944805,8.654513303041146,97.30497735446282,6.75445270991011,83.02827487826542,79.04094311534399,17.73422749347964,4.301332544689226,32.1987412631306,19.904648046565228,81.87267340692506,68.67175877573895,86.17825629099953,60.06746549380786,1.6624945149252874]"
1180,ISNS,92.125,91.3,-0.824999999999998,37.7440995,37.415452,70.55,111,478,artifacts/cifar10/runs/pareto/final/dispatcher-01180.pt,1442,0.721,558,0.279,0,0.0,0,0.0,False,91.70632183388994,-0.40632183388994747,False,"[31.981525809914064,16.48506766258237,36.46174804944805,8.654513303041146,97.30497735446282,6.75445270991011,83.02827487826542,79.04094311534399,17.73422749347964,4.301332544689226,32.1987412631306,19.904648046565228,81.87267340692506,68.67175877573895,86.17825629099953,63.257902183475956,1.6624945149252874]"
1491,ISNS,92.125,91.3,-0.824999999999998,37.7440995,37.415452,70.55,111,478,artifacts/cifar10/runs/pareto/final/dispatcher-01491.pt,1442,0.721,558,0.279,0,0.0,0,0.0,False,91.70632183388994,-0.40632183388994747,False,"[31.981525809914064,16.48506766258237,36.46174804944805,8.654513303041146,97.30497735446282,6.75445270991011,83.02827487826542,79.04094311534399,17.73422749347964,4.301332544689226,32.1987412631306,19.904648046565228,81.87267340692506,68.67175877573895,86.17825629099953,60.06746549380786,1.6624945149252874]"
1729,ISNS,92.125,91.3,-0.824999999999998,37.7440995,37.415452,70.55,111,478,artifacts/cifar10/runs/pareto/final/dispatcher-01729.pt,1442,0.721,558,0.279,0,0.0,0,0.0,False,91.70632183388994,-0.40632183388994747,False,"[31.981525809914064,16.48506766258237,36.46174804944805,8.654513303041146,97.30497735446282,6.75445270991011,83.02827487826542,79.04094311534399,17.73422749347964,4.301332544689226,32.1987412631306,19.904648046565228,81.87267340692506,68.67175877573895,86.17825629099953,60.06746549380786,1.6624945149252874]"
1982,ISNS,92.125,91.3,-0.824999999999998,37.7440995,37.415452,70.55,111,478,artifacts/cifar10/runs/pareto/final/dispatcher-01982.pt,1442,0.721,558,0.279,0,0.0,0,0.0,False,91.70632183388994,-0.40632183388994747,False,"[31.981525809914064,16.48506766258237,36.46174804944805,8.654513303041146,97.30497735446282,4.496838617900902,83.02827487826542,79.04094311534399,17.73422749347964,4.301332544689226,32.1987412631306,19.904648046565228,81.87267340692506,68.67175877573895,86.17825629099953,60.06746549380786,1.6624945149252874]"
2109,ISNS,92.125,91.3,-0.824999999999998,37.7440995,37.415452,70.55,111,478,artifacts/cifar10/runs/pareto/final/dispatcher-02109.pt,1442,0.721,558,0.279,0,0.0,0,0.0,False,91.70632183388994,-0.40632183388994747,False,"[31.981525809914064,16.48506766258237,36.46174804944805,8.654513303041146,97.30497735446282,6.75445270991011,83.02827487826542,79.04094311534399,17.73422749347964,4.301332544689226,32.1987412631306,19.904648046565228,81.87267340692506,68.67175877573895,86.17825629099953,62.50766518281887,1.6624945149252874]"
2143,ISNS,92.125,91.3,-0.824999999999998,37.7440995,37.415452,70.55,111,478,artifacts/cifar10/runs/pareto/final/dispatcher-02143.pt,1442,0.721,558,0.279,0,0.0,0,0.0,False,91.70632183388994,-0.40632183388994747,False,"[31.981525809914064,16.48506766258237,36.46174804944805,8.654513303041146,97.30497735446282,6.75445270991011,83.02827487826542,79.04094311534399,17.73422749347964,4.301332544689226,32.1987412631306,19.904648046565228,81.87267340692506,68.67175877573895,86.17825629099953,60.06746549380786,1.6624945149252874]"
2414,INS,92.2875,91.35,-0.9375000000000022,38.108992,37.623272,72.5,118,432,artifacts/cifar10/runs/pareto/final/dispatcher-02414.pt,1494,0.747,489,0.2445,17,0.0085,0,0.0,False,91.72248566774682,-0.37248566774682956,False,"[59.44539763603591,15.97897024756527,0.5166255373547595,10.845144911892646,10.048644467944758,48.86904857988689,83.44064082255755,79.00028277333857,75.84887390662999,1.3444799282744953,30.64106828869783,37.04299080107487,77.0390076741465,71.33013986839836,39.070403114599294,60.895380464729215,0.8890856417018895]"
326,INS,92.3625,91.8,-0.5624999999999991,38.7535095,38.476932000000005,71.35000000000001,107,466,artifacts/cifar10/runs/pareto/final/dispatcher-00326.pt,1446,0.723,542,0.271,12,0.006,0,0.0,True,91.78795813331101,0.01204186668898899,True,"[31.963329602974127,15.921712530856258,2.350492685000405,8.072100081294469,58.06810576668416,46.294345842966635,83.10409784691376,81.404380400821,3.3587461530886653,4.566235597676549,30.900189394834307,38.59719170774341,79.72458952550026,69.10970673414418,24.834445462628118,60.895380464729215,0.8970012623617553]"
725,INS,92.3625,91.8,-0.5624999999999991,38.7535095,38.476932000000005,71.35000000000001,107,466,artifacts/cifar10/runs/pareto/final/dispatcher-00725.pt,1446,0.723,542,0.271,12,0.006,0,0.0,True,91.78795813331101,0.01204186668898899,True,"[31.963329602974127,15.921712530856258,2.350492685000405,8.072100081294469,58.06810576668416,46.294345842966635,83.10409784691376,81.404380400821,3.3587461530886653,4.566235597676549,30.900189394834307,38.59719170774341,79.72458952550026,69.10970673414418,24.834445462628118,60.895380464729215,0.8970012623617553]"
799,INS,92.3625,91.8,-0.5624999999999991,38.7535095,38.476932000000005,71.35000000000001,107,466,artifacts/cifar10/runs/pareto/final/dispatcher-00799.pt,1446,0.723,542,0.271,12,0.006,0,0.0,True,91.78795813331101,0.01204186668898899,True,"[31.963329602974127,15.921712530856258,2.350492685000405,8.072100081294469,58.06810576668416,46.294345842966635,83.10409784691376,81.404380400821,3.3587461530886653,4.566235597676549,30.900189394834307,38.59719170774341,79.72458952550026,69.10970673414418,24.834445462628118,60.895380464729215,0.8970012623617553]"
1260,INS,92.3625,91.8,-0.5624999999999991,38.7535095,38.476932000000005,71.35000000000001,107,466,artifacts/cifar10/runs/pareto/final/dispatcher-01260.pt,1446,0.723,542,0.271,12,0.006,0,0.0,True,91.78795813331101,0.01204186668898899,True,"[31.963329602974127,15.921712530856258,2.350492685000405,8.072100081294469,58.06810576668416,46.294345842966635,83.10409784691376,81.404380400821,3.3587461530886653,4.566235597676549,30.900189394834307,38.59719170774341,79.72458952550026,69.10970673414418,24.834445462628118,60.895380464729215,0.8970012623617553]"
1912,INS,92.3625,91.8,-0.5624999999999991,38.7535095,38.476932000000005,71.35000000000001,107,466,artifacts/cifar10/runs/pareto/final/dispatcher-01912.pt,1446,0.723,542,0.271,12,0.006,0,0.0,True,91.78795813331101,0.01204186668898899,True,"[31.306718072526213,15.921712530856258,2.350492685000405,8.072100081294469,58.06810576668416,46.24201162784034,83.10409784691376,81.404380400821,3.3587461530886653,4.566235597676549,30.900189394834307,38.59719170774341,79.72458952550026,69.10970673414418,92.32090095679666,60.895380464729215,0.1033910528763296]"
2162,INS,92.3625,91.8,-0.5624999999999991,38.7535095,38.476932000000005,71.35000000000001,107,466,artifacts/cifar10/runs/pareto/final/dispatcher-02162.pt,1446,0.723,542,0.271,12,0.006,0,0.0,True,91.78795813331101,0.01204186668898899,True,"[31.306718072526213,15.921712530856258,2.350492685000405,8.072100081294469,58.06810576668416,46.24201162784034,83.10409784691376,81.404380400821,3.3587461530886653,4.566235597676549,30.900189394834307,38.59719170774341,79.72458952550026,69.10970673414418,92.32090095679666,60.895380464729215,0.1033910528763296]"
2325,INS,92.3625,91.8,-0.5624999999999991,38.7535095,38.476932000000005,71.35000000000001,107,466,artifacts/cifar10/runs/pareto/final/dispatcher-02325.pt,1446,0.723,542,0.271,12,0.006,0,0.0,True,91.78795813331101,0.01204186668898899,True,"[31.306718072526213,15.921712530856258,2.350492685000405,8.072100081294469,58.06810576668416,46.24201162784034,83.10409784691376,81.404380400821,3.3587461530886653,4.566235597676549,30.900189394834307,38.59719170774341,79.72458952550026,69.10970673414418,92.32090095679666,60.895380464729215,0.1033910528763296]"
1392,INS,92.4875,91.5,-0.9874999999999967,40.8027145,40.477362,66.64999999999999,108,559,artifacts/cifar10/runs/pareto/final/dispatcher-01392.pt,1357,0.6785,636,0.318,7,0.0035,0,0.0,False,91.93586281741979,-0.43586281741978894,False,"[30.859652977921414,15.869653719726125,71.95219802037758,8.086563396909952,58.764824212959965,42.69187463803197,39.978061840344,7.856326632906317,17.42341382431192,9.725128688284254,31.075376399359637,57.945289499013896,81.18130969384703,71.44271591650758,14.759317074270967,58.48966015286829,0.09196305943105954]"
1489,INS,92.4875,91.5,-0.9874999999999967,40.8027145,40.477362,66.64999999999999,108,559,artifacts/cifar10/runs/pareto/final/dispatcher-01489.pt,1357,0.6785,636,0.318,7,0.0035,0,0.0,False,91.93586281741979,-0.43586281741978894,False,"[30.859652977921414,15.869653719726125,71.95219802037758,8.086563396909952,58.764824212959965,42.69187463803197,39.978061840344,7.856326632906317,17.42341382431192,9.725128688284254,31.075376399359637,52.961462457161744,81.18130969384703,71.44271591650758,14.759317074270967,58.48966015286829,0.09196305943105954]"
1957,INS,92.4875,91.5,-0.9874999999999967,40.8027145,40.477362,66.64999999999999,108,559,artifacts/cifar10/runs/pareto/final/dispatcher-01957.pt,1357,0.6785,636,0.318,7,0.0035,0,0.0,False,91.93586281741979,-0.43586281741978894,False,"[30.859652977921414,15.869653719726125,71.95219802037758,8.086563396909952,58.764824212959965,42.69187463803197,39.978061840344,7.856326632906317,17.42341382431192,9.725128688284254,31.075376399359637,57.945289499013896,81.18130969384703,71.44271591650758,14.759317074270967,58.48966015286829,0.09196305943105954]"
2263,INS,92.4875,91.5,-0.9874999999999967,40.8027145,40.477362,66.64999999999999,108,559,artifacts/cifar10/runs/pareto/final/dispatcher-02263.pt,1357,0.6785,636,0.318,7,0.0035,0,0.0,False,91.93586281741979,-0.43586281741978894,False,"[30.859652977921414,15.869653719726125,71.95219802037758,8.086563396909952,58.764824212959965,42.69187463803197,39.978061840344,7.856326632906317,17.42341382431192,9.725128688284254,31.075376399359637,57.945289499013896,81.18130969384703,71.44271591650758,14.759317074270967,58.48966015286829,0.09196305943105954]"
2258,INS,92.5875,92.10000000000001,-0.48749999999999627,45.763577,45.665222,60.050000000000004,94,705,artifacts/cifar10/runs/pareto/final/dispatcher-02258.pt,1189,0.5945,799,0.3995,12,0.006,0,0.0,True,92.2877776733834,-0.18777767338339402,False,"[31.306718072526213,24.4480702365837,0.4394859648435947,8.072100081294469,58.142667372158016,46.24201162784034,83.10409784691376,81.404380400821,3.3587461530886653,4.566235597676549,30.900189394834307,38.59719170774341,79.72458952550026,68.97772727824695,92.32090095679666,60.895380464729215,0.10121951022143044]"
971,INS,92.5,91.9,-0.6000000000000005,45.182854500000005,45.818712,60.0,97,703,artifacts/cifar10/runs/pareto/final/dispatcher-00971.pt,1194,0.597,791,0.3955,15,0.0075,0,0.0,False,92.29756980019476,-0.3975698001947592,False,"[31.963329602974127,15.921712530856258,2.3171080211561215,8.072021557523009,59.573304958350306,90.41128099670377,83.10409784691376,0.6371751702067314,3.3587461530886653,4.566235597676549,30.88676547160618,38.59719170774341,79.72458952550026,64.60372814917062,24.67481206838898,59.55329321266691,0.9154151534365906]"
1274,INS,92.60000000000001,91.85,-0.7500000000000062,46.1909245,46.463172,57.550000000000004,94,755,artifacts/cifar10/runs/pareto/final/dispatcher-01274.pt,1136,0.568,859,0.4295,5,0.0025,0,0.0,False,92.33832921522044,-0.48832921522044614,False,"[31.963329602974127,15.977521792561447,19.72900472296783,12.5501622605098,58.02823345722686,46.294345842966635,83.10409784691376,80.75898945803118,3.3587461530886653,6.0484476320128095,30.900189394834307,38.69610820573393,79.22189734890478,69.97884464806987,24.834445462628118,60.895380464729215,0.3941097493298344]"
592,INS,92.63749999999999,91.95,-0.6874999999999964,46.984487,46.868852,56.599999999999994,94,774,artifacts/cifar10/runs/pareto/final/dispatcher-00592.pt,1118,0.559,878,0.439,4,0.002,0,0.0,False,92.3636978453167,-0.4136978453166904,False,"[32.37246171587681,23.431427428210117,3.1248695559139748,84.43247806178584,56.99884756733696,72.52676668766158,96.52378994003388,69.769992708262,4.554095263150103,4.566235597676549,9.165945174220507,38.69836653548433,78.00001400218451,69.10941423647883,7.141702015448704,60.895380464729215,0.853569280014683]"
1109,INS,92.65,91.95,-0.7000000000000006,48.0298945,47.736152000000004,54.949999999999996,92,809,artifacts/cifar10/runs/pareto/final/dispatcher-01109.pt,1080,0.54,918,0.459,2,0.001,0,0.0,False,92.41720461993526,-0.4672046199352593,False,"[30.947362413562004,25.094392467423823,56.05433972768863,8.41149878359273,55.36245075908906,71.72645531684222,84.13699466675689,66.7683932312332,16.769586777558906,2.4076136153005296,32.26106793228531,40.18345411246281,65.03063764984688,37.75987914803778,24.954185350737834,70.69257493610698,0.8009695014583249]"
318,INS,92.75,92.45,-0.30000000000000027,48.256432000000004,48.980012,54.75,84,821,artifacts/cifar10/runs/pareto/final/dispatcher-00318.pt,1060,0.53,931,0.4655,9,0.0045,0,0.0,True,92.4922696655339,-0.042269665533893885,False,"[59.74652428748634,15.85576945553714,71.95219802037758,8.086563396909952,58.96670401580724,42.69187463803197,39.978061840344,7.856326632906317,17.85995632018655,4.566235597676549,24.124205436037293,19.287062891397795,81.63841236594169,71.44271591650758,93.17033799724747,58.48966015286829,0.09196305943105954]"
870,INS,92.75,92.45,-0.30000000000000027,48.256432000000004,48.980012,54.75,84,821,artifacts/cifar10/runs/pareto/final/dispatcher-00870.pt,1060,0.53,931,0.4655,9,0.0045,0,0.0,True,92.4922696655339,-0.042269665533893885,False,"[59.74652428748634,15.85576945553714,71.95219802037758,8.086563396909952,58.96670401580724,42.69187463803197,39.978061840344,7.856326632906317,17.85995632018655,4.566235597676549,24.124205436037293,19.287062891397795,81.63841236594169,71.44271591650758,93.17033799724747,58.48966015286829,0.09196305943105954]"
973,INS,92.75,92.45,-0.30000000000000027,48.256432000000004,48.980012,54.75,84,821,artifacts/cifar10/runs/pareto/final/dispatcher-00973.pt,1060,0.53,931,0.4655,9,0.0045,0,0.0,True,92.4922696655339,-0.042269665533893885,False,"[59.74652428748634,15.85576945553714,71.95219802037758,8.086563396909952,58.96670401580724,42.69187463803197,39.978061840344,7.856326632906317,17.85995632018655,4.566235597676549,24.124205436037293,19.287062891397795,81.63841236594169,71.44271591650758,93.17033799724747,58.48966015286829,0.09196305943105954]"
1513,INS,92.75,92.45,-0.30000000000000027,48.256432000000004,48.980012,54.75,84,821,artifacts/cifar10/runs/pareto/final/dispatcher-01513.pt,1060,0.53,931,0.4655,9,0.0045,0,0.0,True,92.4922696655339,-0.042269665533893885,False,"[59.74652428748634,15.85576945553714,71.95219802037758,8.086563396909952,58.96670401580724,42.69187463803197,39.978061840344,7.856326632906317,17.85995632018655,4.566235597676549,24.124205436037293,19.287062891397795,81.63841236594169,71.44271591650758,93.17033799724747,58.48966015286829,0.09196305943105954]"
1589,INS,92.8125,92.0,-0.8124999999999938,50.561237,50.686872,50.2,89,907,artifacts/cifar10/runs/pareto/final/dispatcher-01589.pt,978,0.489,1019,0.5095,3,0.0015,0,0.0,False,92.59223072508169,-0.5922307250816914,False,"[31.961443126380345,16.48506766258237,2.5931343993514666,8.071512694957582,57.73456086866562,6.75445270991011,83.1039073504449,81.39707027841428,2.7557739282218296,3.927768388866495,32.1837058734765,20.576208914349415,81.8575676767562,68.66648765746662,24.25458459697128,60.06746549380786,0.9064613413158984]"
2181,INS,92.8625,91.9,-0.9624999999999995,51.043719499999995,51.777472,48.6,89,939,artifacts/cifar10/runs/pareto/final/dispatcher-02181.pt,946,0.473,1049,0.5245,5,0.0025,0,0.0,False,92.6543534500934,-0.7543534500933902,False,"[32.73712254658004,16.48506766258237,3.379687197871,7.045297794358824,59.549499584113036,6.75445270991011,83.128331648443,80.70549319796051,18.693524955024078,3.927768388866495,48.014535228529844,19.78761422861158,81.8575676767562,34.19592950233313,24.25458459697128,60.06746549380786,0.9064613413158984]"
1786,INS,92.875,92.05,-0.824999999999998,52.358367,53.064322000000004,46.5,84,986,artifacts/cifar10/runs/pareto/final/dispatcher-01786.pt,893,0.4465,1104,0.552,3,0.0015,0,0.0,False,92.72599362898714,-0.6759936289871433,False,"[31.624712230841087,25.018710542105065,2.8510006806461057,7.9827241047529105,58.06810576668416,44.97200892232945,83.10409784691376,76.77227927018131,2.2710362492118605,4.59703852218452,30.900189394834307,72.44092624438177,64.71647990947802,69.10970673414418,25.534364722550134,60.07987360364683,0.8970012623617553]"
2048,INS,92.8875,92.0,-0.8874999999999966,54.088752,54.267032,44.75,81,1024,artifacts/cifar10/runs/pareto/final/dispatcher-02048.pt,850,0.425,1147,0.5735,3,0.0015,0,0.0,False,92.79139605522344,-0.7913960552234443,False,"[29.82157135116728,26.286788847787193,2.3511076844202687,7.644893114199447,97.45879756722293,44.17650125355257,83.49805943527713,81.73392410847565,1.3017809861469498,4.575156493082712,29.91672467638203,38.69836653548433,72.65910688801594,93.72105843061142,94.24973310944475,27.15488819047692,0.6601477293546142]"
2083,INS,92.925,91.85,-1.0750000000000037,54.578457,54.980611999999994,42.6,85,1063,artifacts/cifar10/runs/pareto/final/dispatcher-02083.pt,814,0.407,1186,0.593,0,0.0,0,0.0,False,92.82951827082044,-0.9795182708204493,False,"[29.82177442673958,9.149396000716923,2.360089452525053,7.6249934453346055,98.02939175421298,45.92325885755662,83.10409784691376,81.77399198582417,1.2621415115550572,3.7519893666978508,30.809014811146934,38.29772841572477,77.82755700828923,71.66177621449864,24.834445462628118,60.895380464729215,0.6555775346392445]"
2100,INS,92.9375,92.5,-0.4374999999999907,56.37211950000001,56.490992000000006,41.099999999999994,72,1106,artifacts/cifar10/runs/pareto/final/dispatcher-02100.pt,760,0.38,1240,0.62,0,0.0,0,0.0,True,92.88206117477318,-0.3820611747731846,False,"[65.32416783207118,24.85999265276156,56.22448312081271,19.56158878283742,95.00423609042568,42.40046861363443,83.0639342507964,79.03622318697633,8.633405918395265,2.0287450256197603,97.48886988569168,72.38726134655386,65.03063764984688,69.0087858045906,40.241132833851665,60.08637026414949,0.8009695014583249]"
884,INS,92.95,92.25,-0.7000000000000006,56.7843895,57.203652000000005,40.5,75,1115,artifacts/cifar10/runs/pareto/final/dispatcher-00884.pt,752,0.376,1243,0.6215,5,0.0025,0,0.0,False,92.88469750710725,-0.6346975071072478,False,"[31.963329602974127,15.921712530856258,2.2413630854337754,8.072100081294469,58.34333556603815,46.294345842966635,83.11588263200622,81.404380400821,3.3587461530886653,4.485124809981791,30.900189394834307,38.59719170774341,79.38408747926123,69.12561437364329,20.800525940878195,61.30450420930107,0.9024806719626843]"
998,INS,92.95,92.25,-0.7000000000000006,56.7843895,57.203652000000005,40.5,75,1115,artifacts/cifar10/runs/pareto/final/dispatcher-00998.pt,752,0.376,1243,0.6215,5,0.0025,0,0.0,False,92.88469750710725,-0.6346975071072478,False,"[31.963329602974127,15.921712530856258,2.2413630854337754,8.072100081294469,58.34333556603815,46.294345842966635,83.11588263200622,81.404380400821,3.3587461530886653,4.485124809981791,30.900189394834307,38.59719170774341,79.38408747926123,69.12561437364329,20.800525940878195,61.30450420930107,0.9024806719626843]"
1139,INS,92.975,92.4,-0.5749999999999922,57.088246999999996,57.301202,41.25,71,1104,artifacts/cifar10/runs/pareto/final/dispatcher-01139.pt,759,0.3795,1233,0.6165,8,0.004,0,0.0,False,92.88505581433793,-0.485055814337926,False,"[35.054273645257645,15.921712530856258,0.7284109921493361,8.072100081294469,70.26998617116341,45.92325885755662,83.10409784691376,81.404380400821,3.3587461530886653,4.566235597676549,30.896143055068414,38.59718950996892,79.72458952550026,71.34330154505396,24.834445462628118,60.895380464729215,0.9029215901081344]"
1539,INS,93.0625,92.60000000000001,-0.462499999999999,57.58067199999999,57.761902000000006,42.1,67,1091,artifacts/cifar10/runs/pareto/final/dispatcher-01539.pt,767,0.3835,1218,0.609,15,0.0075,0,0.0,True,92.88673979282214,-0.28673979282213224,False,"[32.01857022529033,15.921712530856258,2.350492685000405,7.646671326695412,97.58975112399445,48.720498116348566,83.11507993225632,80.63427839034347,17.45983449720962,6.199012883160094,31.81089855036891,55.80473264236498,8.564919268026216,65.95754008952142,24.839391597185408,60.93050861330553,0.9134539920584903]"
2440,INS,93.0375,92.5,-0.5374999999999908,57.569292000000004,57.887422,41.8,74,1090,artifacts/cifar10/runs/pareto/final/dispatcher-02440.pt,773,0.3865,1209,0.6045,18,0.009,0,0.0,False,92.88719627317862,-0.38719627317861693,False,"[61.45459980838458,3.03301406252743,9.289164983351212,8.477301247583789,10.25059323308301,91.50038852679981,14.059797355128598,80.19385551771384,7.723833737388603,3.0876219858409755,30.900189394834307,40.102322371690235,31.358944352261346,69.05214047932758,24.834445462628118,61.48351914422644,0.8843235048253262]"
1808,INS,93.075,92.60000000000001,-0.4749999999999921,59.490027,59.985862,38.1,63,1175,artifacts/cifar10/runs/pareto/final/dispatcher-01808.pt,677,0.3385,1311,0.6555,12,0.006,0,0.0,False,92.89468450274653,-0.29468450274652014,False,"[35.054273645257645,9.271503861791746,2.360089452525053,8.482138394731265,97.99250060131334,48.993194263422026,83.24837563691594,80.63006785228286,3.3587461530886653,6.194484495276875,27.534294864028194,38.59718950996892,79.72458952550026,71.34330154505396,24.834445462628118,60.895380464729215,0.9136734355994484]"
1350,INS,93.0875,92.7,-0.3874999999999962,61.5079095,61.371182000000005,34.699999999999996,60,1246,artifacts/cifar10/runs/pareto/final/dispatcher-01350.pt,603,0.3015,1392,0.696,5,0.0025,0,0.0,True,92.89948577209968,-0.19948577209967766,False,"[31.961850555161064,15.589785967698111,2.350492685000405,7.665116571917734,97.69016388683814,47.74365790767439,80.57260715483056,35.91376581013343,2.082821473455226,7.106839216022642,31.742187623564067,55.435767176028364,9.497924786931748,70.70489116697128,18.946092518441922,23.709854867302827,0.3250136119846337]"
2385,INS,93.125,92.75,-0.3750000000000031,61.75553950000001,62.349672,33.6,61,1267,artifacts/cifar10/runs/pareto/final/dispatcher-02385.pt,582,0.291,1409,0.7045,9,0.0045,0,0.0,True,92.90281217329971,-0.15281217329970787,False,"[32.01857022529033,15.921712530856258,2.350492685000405,7.660277930742219,98.59442083873661,48.77201642820649,83.11507993225632,80.63427839034347,18.542816026676114,4.144993456077049,30.9202882599314,55.80473264236498,8.564919268026216,65.95754008952142,24.839358490604784,60.93050861330553,0.9135215537148278]"
2494,INS,93.16250000000001,92.80000000000001,-0.36249999999999893,63.09855949999999,63.04938200000001,31.95,58,1303,artifacts/cifar10/runs/pareto/final/dispatcher-02494.pt,543,0.2715,1452,0.726,5,0.0025,0,0.0,True,92.90515899674743,-0.10515899674742002,False,"[29.813695039089332,9.134848082632807,2.377950333549898,8.072100358612543,98.02939175421298,45.92325885755662,83.10409784691376,80.63823177143455,3.2483895007176233,3.8528598495637114,30.809014811146934,38.31260333411829,12.211675486046445,93.92596408451698,24.54280755325395,61.69475814510191,0.9082948442847689]"
1969,INS,93.21249999999999,92.80000000000001,-0.4124999999999934,63.17928950000001,63.133752,31.4,55,1317,artifacts/cifar10/runs/pareto/final/dispatcher-01969.pt,526,0.263,1473,0.7365,1,0.0005,0,0.0,False,92.90544021201471,-0.10544021201469889,False,"[29.81608160641725,9.134848082632807,2.3797495371051873,8.072100081294469,98.02939175421298,45.92325885755662,87.33290187850832,80.63823177143455,3.3098305610009926,3.7519893666978508,30.809014811146934,37.88365935633141,77.82755700828923,68.70362447504604,24.509002972190167,60.895380464729215,0.7364881943825192]"
1479,INS,93.22500000000001,92.9,-0.3249999999999975,67.850222,68.042372,22.95,54,1487,artifacts/cifar10/runs/pareto/final/dispatcher-01479.pt,354,0.177,1644,0.822,2,0.001,0,0.0,True,92.92118582385474,-0.02118582385473644,False,"[29.813695039089332,9.134848082632807,2.360089452525053,8.072100081294469,98.02939175421298,45.92325885755662,83.10409784691376,80.63823177143455,3.3098305610009926,3.7519893666978508,30.809014811146934,38.29772841572477,77.82755700828923,71.34330154505396,24.834445462628118,60.895380464729215,0.9136734355994484]"
2275,INS,93.22500000000001,92.9,-0.3249999999999975,67.850222,68.042372,22.95,54,1487,artifacts/cifar10/runs/pareto/final/dispatcher-02275.pt,354,0.177,1644,0.822,2,0.001,0,0.0,True,92.92118582385474,-0.02118582385473644,False,"[29.813695039089332,9.134848082632807,2.360089452525053,8.072100081294469,98.02939175421298,45.92325885755662,83.10409784691376,80.63823177143455,3.3098305610009926,3.7519893666978508,30.809014811146934,38.29772841572477,79.74064665466057,71.34330154505396,24.834445462628118,61.69475814510191,0.9136734355994484]"
2343,INS,93.22500000000001,92.9,-0.3249999999999975,67.850222,68.042372,22.95,54,1487,artifacts/cifar10/runs/pareto/final/dispatcher-02343.pt,354,0.177,1644,0.822,2,0.001,0,0.0,True,92.92118582385474,-0.02118582385473644,False,"[29.813695039089332,9.134848082632807,2.360089452525053,8.072100081294469,98.02939175421298,45.92325885755662,83.10409784691376,80.63823177143455,3.3098305610009926,3.7519893666978508,30.809014811146934,38.29772841572477,79.74064665466057,71.34330154505396,24.834445462628118,61.69475814510191,0.9136734355994484]"
906,INS,93.2375,93.05,-0.187499999999996,79.1694295,79.89544200000002,11.35,50,1723,artifacts/cifar10/runs/pareto/final/dispatcher-00906.pt,119,0.0595,1825,0.9125,56,0.028,0,0.0,True,92.95495618155287,0.09504381844712384,True,"[30.65601163094341,1.3910798781884868,22.679495127610945,8.064635388496711,96.39319589660721,25.71023524070113,3.108159986515645,79.1338685362399,0.26712049010743577,4.647085810839343,92.40998134814254,14.064295788635537,22.781293546977853,68.12146616418138,93.07909934754738,69.57905924504782,0.2651508122554205]"
1102,INS,93.2375,93.05,-0.187499999999996,79.1694295,79.89544200000002,11.35,50,1723,artifacts/cifar10/runs/pareto/final/dispatcher-01102.pt,119,0.0595,1825,0.9125,56,0.028,0,0.0,True,92.95495618155287,0.09504381844712384,True,"[30.65601163094341,1.3910798781884868,22.679495127610945,8.064635388496711,96.39319589660721,25.71023524070113,3.108159986515645,79.1338685362399,0.26712049010743577,4.647085810839343,92.40998134814254,14.064295788635537,22.781293546977853,68.12146616418138,93.07909934754738,69.57905924504782,0.2651508122554205]"
2345,INS,93.30000000000001,92.85,-0.45000000000000595,80.84746450000002,81.54926200000001,42.8,64,1080,artifacts/cifar10/runs/pareto/final/dispatcher-02345.pt,801,0.4005,931,0.4655,268,0.134,0,0.0,False,92.95926473732806,-0.1092647373280613,False,"[33.10804711188132,2.5337117983325568,3.8548839174067417,8.477301247583789,10.25059323308301,72.24048395616556,4.696886094095596,81.404380400821,79.61756408654503,3.100267836142372,30.900189394834307,37.073893503345595,74.37036992852629,69.11198374301134,24.834445462628118,61.37822355144377,0.8843235048253262]"
2458,INS,93.2625,93.30000000000001,0.03750000000000142,80.72321450000001,82.232042,26.55,46,1423,artifacts/cifar10/runs/pareto/final/dispatcher-02458.pt,427,0.2135,1405,0.7025,168,0.084,0,0.0,True,92.96101809724291,0.33898190275709794,True,"[34.17531837734647,2.5337117983325568,3.8548839174067417,10.211350330932932,91.8193996389265,74.02541084975499,7.75820923081845,1.550681759761808,1.0365456868890774,3.100267836142372,30.900189394834307,37.073893503345595,70.32591676467301,69.12192410773967,24.834445462628118,61.37822355144377,0.7451277302376282]"
2168,INS,93.3125,92.85,-0.462499999999999,83.68871950000002,85.01984200000001,33.900000000000006,59,1263,artifacts/cifar10/runs/pareto/final/dispatcher-02168.pt,607,0.3035,1145,0.5725,248,0.124,0,0.0,False,92.96802914476989,-0.11802914476989201,False,"[31.923294275732612,2.5337117983325568,3.8548839174067417,8.477893763434182,10.25059323308301,72.24048395616556,4.696886094095596,81.404380400821,79.5030750165886,3.100267836142372,30.900189394834307,37.073893503345595,74.37036992852629,69.21079466579481,24.834445462628118,61.37658321085894,0.8806221105132593]"
813,INS,93.3625,93.10000000000001,-0.26249999999999885,87.16339950000003,87.90443200000003,23.95,53,1468,artifacts/cifar10/runs/pareto/final/dispatcher-00813.pt,392,0.196,1392,0.696,216,0.108,0,0.0,False,92.97504564447216,0.12495435552784784,True,"[64.82943082752531,26.62583405080384,57.5748719277471,19.56158878283742,94.66516663504876,91.23567489958002,85.45192838856607,89.89154286996586,25.45430912277179,57.87467844467189,97.48886988569168,77.38059335501147,65.03063764984688,38.56195103244217,40.2153837703818,70.69257493610698,0.7953788161902652]"
1629,INS,93.3625,93.10000000000001,-0.26249999999999885,87.16339950000003,87.90443200000003,23.95,53,1468,artifacts/cifar10/runs/pareto/final/dispatcher-01629.pt,392,0.196,1392,0.696,216,0.108,0,0.0,False,92.97504564447216,0.12495435552784784,True,"[64.82943082752531,26.62583405080384,57.5748719277471,19.56158878283742,94.66516663504876,91.23567489958002,85.45192838856607,89.89154286996586,25.45430912277179,57.87467844467189,97.48886988569168,77.38059335501147,65.03063764984688,38.56195103244217,44.94418818248245,71.09602321477159,0.7953788161902652]"
1704,INS,93.3625,93.10000000000001,-0.26249999999999885,87.16339950000003,87.90443200000003,23.95,53,1468,artifacts/cifar10/runs/pareto/final/dispatcher-01704.pt,392,0.196,1392,0.696,216,0.108,0,0.0,False,92.97504564447216,0.12495435552784784,True,"[64.82943082752531,26.62583405080384,57.5748719277471,19.56158878283742,94.66516663504876,91.23567489958002,85.45192838856607,89.89154286996586,25.45430912277179,57.87467844467189,97.48886988569168,77.38059335501147,67.57929619719684,38.58049855564293,44.94418818248245,71.09602321477159,0.7953788161902652]"
1877,INS,93.3625,93.10000000000001,-0.26249999999999885,87.16339950000003,87.90443200000003,23.95,53,1468,artifacts/cifar10/runs/pareto/final/dispatcher-01877.pt,392,0.196,1392,0.696,216,0.108,0,0.0,False,92.97504564447216,0.12495435552784784,True,"[64.82943082752531,26.62583405080384,57.5748719277471,19.56158878283742,94.66516663504876,91.23567489958002,85.45192838856607,89.89154286996586,25.45430912277179,57.87467844467189,97.48886988569168,77.38059335501147,67.57929619719684,38.58049855564293,44.94418818248245,71.09602321477159,0.7953788161902652]"
986,INS,93.4375,93.15,-0.2874999999999961,91.71689700000002,90.73216200000002,14.899999999999999,50,1652,artifacts/cifar10/runs/pareto/final/dispatcher-00986.pt,207,0.1035,1601,0.8005,192,0.096,0,0.0,False,93.00171426560861,0.14828573439139348,True,"[65.32416783207118,16.249372295388433,56.22448312081271,8.840375658460356,97.26261189017775,84.42584939790493,83.0639342507964,79.03791083072852,23.6077199804069,2.081880768811267,97.82387086014539,72.38726134655386,65.03063764984688,67.4924153799685,40.99234701106012,60.08637026414949,0.8009695014583249]"
2400,INS,93.4125,92.95,-0.462499999999999,89.51513950000002,91.16075200000002,21.3,53,1521,artifacts/cifar10/runs/pareto/final/dispatcher-02400.pt,342,0.171,1423,0.7115,235,0.1175,0,0.0,False,93.01434411250654,-0.06434411250653227,False,"[31.92707009696159,26.628532588034314,57.5748719277471,19.56158878283742,94.66516663504876,87.41625890654802,85.45192838856607,90.1177951743992,25.45430912277179,58.839076838358565,97.48886988569168,75.62097093635985,67.27406519193963,67.49648123886384,45.205821975882785,71.09602321477159,0.7953788161902652]"
940,INS,93.45,93.30000000000001,-0.14999999999999458,93.43587950000004,93.505632,24.9,45,1457,artifacts/cifar10/runs/pareto/final/dispatcher-00940.pt,398,0.199,1327,0.6635,275,0.1375,0,0.0,False,93.08240962979211,0.21759037020790117,True,"[31.963329602974127,15.921712530856258,2.2413630854337754,8.011299536843195,58.34333556603815,46.294345842966635,38.476025687634085,1.4037262138261255,3.3587461530886653,23.12860215391075,32.15138253535092,38.59719170774341,20.831817983083656,69.12561437364329,20.800525940878195,61.30450420930107,0.9140940192574791]"
955,INS,93.45,93.30000000000001,-0.14999999999999458,93.43587950000004,93.505632,24.9,45,1457,artifacts/cifar10/runs/pareto/final/dispatcher-00955.pt,398,0.199,1327,0.6635,275,0.1375,0,0.0,False,93.08240962979211,0.21759037020790117,True,"[31.963329602974127,15.921712530856258,2.2413630854337754,8.011299536843195,58.34333556603815,47.237087074657296,38.476025687634085,1.4037262138261255,3.3587461530886653,23.12860215391075,32.15138253535092,38.59719170774341,20.831817983083656,69.12561437364329,20.800525940878195,61.30450420930107,0.9140940192574791]"
972,INS,93.475,93.25,-0.22499999999999742,98.36530450000002,99.88118200000002,15.299999999999999,47,1647,artifacts/cifar10/runs/pareto/final/dispatcher-00972.pt,219,0.1095,1492,0.746,289,0.1445,0,0.0,False,93.2591839772214,-0.0091839772213973,False,"[37.21943753609429,1.175539166558106,19.661638953058603,12.53533160655208,56.97203746451369,74.23950786930106,35.60214308273161,37.052990891172726,1.5807337707658564,75.87550165142513,46.373057042217624,38.69257854515185,23.89746838725476,33.89598353221874,3.5926363707086573,23.12417626385372,0.3835457344346724]"
1437,INS,93.475,93.25,-0.22499999999999742,98.36530450000002,99.88118200000002,15.299999999999999,47,1647,artifacts/cifar10/runs/pareto/final/dispatcher-01437.pt,219,0.1095,1492,0.746,289,0.1445,0,0.0,False,93.2591839772214,-0.0091839772213973,False,"[37.21943753609429,1.175539166558106,19.661638953058603,12.53533160655208,56.97203746451369,74.23950786930106,35.60214308273161,37.052990891172726,1.5807337707658564,75.87550165142513,46.373057042217624,38.69257854515185,23.89746838725476,33.89598353221874,3.5926363707086573,23.12417626385372,0.3835457344346724]"
2119,INS,93.5625,93.25,-0.31250000000000444,98.82004700000003,100.60840200000003,14.05,47,1672,artifacts/cifar10/runs/pareto/final/dispatcher-02119.pt,193,0.0965,1518,0.759,289,0.1445,0,0.0,False,93.27862624558078,-0.02862624558078153,False,"[37.21978137804895,1.175539166558106,21.620241656797276,12.558609705778116,57.0091588400317,46.072897640445035,33.98837866634416,41.67161239703838,75.95152183552172,74.72688191268065,47.73259936284017,39.331850044024534,78.58335029018832,32.15451140052723,25.58476829098005,20.901976919915498,0.962406369610475]"
2453,INS,93.55,93.25,-0.30000000000000027,98.59651700000002,100.84603200000004,13.8,47,1677,artifacts/cifar10/runs/pareto/final/dispatcher-02453.pt,188,0.094,1522,0.761,290,0.145,0,0.0,False,93.28494884501156,-0.03494884501155582,False,"[31.082879747043133,1.0235035206405538,21.620241656797276,12.558609705778116,57.0091588400317,76.33979745586092,33.98837866634416,41.67161239703838,75.95152183552172,74.72716145325403,31.654455353023657,39.331850044024534,78.3699752237149,32.15451140052723,25.58476829098005,20.854678913405955,0.962406369610475]"
2210,INS,93.63749999999999,93.2,-0.4374999999999907,101.4290095,101.18473200000001,29.549999999999997,46,1363,artifacts/cifar10/runs/pareto/final/dispatcher-02210.pt,508,0.254,1107,0.5535,385,0.1925,0,0.0,False,93.29393490112943,-0.0939349011294297,False,"[32.70152172554893,28.473708849620518,2.5974252281878805,6.991389433803766,98.09022837332353,75.13674980808142,32.493433227499835,0.02304332507414225,17.21971148918636,58.00868191808701,47.14431762597137,37.892946884876864,81.1700948663142,75.23984099066071,14.887474272869476,63.15336908490031,0.8332870628791283]"
2164,INS,93.65,93.35,-0.30000000000000027,109.01660200000003,108.62912200000002,10.100000000000001,42,1756,artifacts/cifar10/runs/pareto/final/dispatcher-02164.pt,109,0.0545,1544,0.772,347,0.1735,0,0.0,True,93.48419526731631,-0.13419526731631493,False,"[29.772361703485146,0.7353401590619892,22.000092422269987,12.469396265546886,98.12871968692507,46.68555479790069,33.07203988291019,1.080348879704761,1.6837970184157134,75.96670418627394,31.65268493981374,38.306792032612954,50.38510576541519,30.300686685607374,86.15207597149832,26.559927444894264,0.32034702108103225]"
2340,INS,93.65,93.35,-0.30000000000000027,109.01660200000003,108.62912200000002,10.100000000000001,42,1756,artifacts/cifar10/runs/pareto/final/dispatcher-02340.pt,109,0.0545,1544,0.772,347,0.1735,0,0.0,True,93.48419526731631,-0.13419526731631493,False,"[29.772361703485146,0.7353401590619892,22.000092422269987,12.469396265546886,98.12871968692507,46.68555479790069,33.07203988291019,1.080348879704761,1.6837970184157134,75.96670418627394,31.65268493981374,38.306792032612954,50.38510576541519,30.300686685607374,86.15207597149832,26.559927444894264,0.32034702108103225]"
367,INS,93.675,93.30000000000001,-0.374999999999992,111.80633950000002,111.82789200000003,10.0,43,1757,artifacts/cifar10/runs/pareto/final/dispatcher-00367.pt,110,0.055,1510,0.755,380,0.19,0,0.0,False,93.56197395352169,-0.2619739535216752,False,"[37.21943753609429,1.175539166558106,19.661638953058603,12.53533160655208,60.09632343670388,74.23950786930106,33.1287372810213,37.052990891172726,1.5807337707658564,75.87550165142513,47.648322893410565,38.206889020014025,21.973135260773404,33.89598353221874,22.172700699178975,23.12417626385372,0.3835457344346724]"
576,INS,93.675,93.30000000000001,-0.374999999999992,111.80633950000002,111.82789200000003,10.0,43,1757,artifacts/cifar10/runs/pareto/final/dispatcher-00576.pt,110,0.055,1510,0.755,380,0.19,0,0.0,False,93.56197395352169,-0.2619739535216752,False,"[37.21943753609429,1.175539166558106,19.661638953058603,12.53533160655208,60.09632343670388,74.23950786930106,33.1287372810213,37.052990891172726,1.5807337707658564,75.87550165142513,47.648322893410565,38.206889020014025,21.973135260773404,33.89598353221874,1.8372584538614163,23.12417626385372,0.3835457344346724]"
1713,INS,93.7,93.5,-0.20000000000000018,115.15510950000004,113.99989200000003,20.95,39,1542,artifacts/cifar10/runs/pareto/final/dispatcher-01713.pt,326,0.163,1210,0.605,464,0.232,0,0.0,True,93.6135284879317,-0.11352848793170267,False,"[48.203208029063696,24.648772818922374,0.8389339618643308,10.19210333295888,92.82875474832596,74.04200383773929,33.79737966110606,0.033144056161098945,0.7646865176397513,71.83585015765436,28.813176073732933,38.35409450980779,68.35137089039945,70.91164653874584,12.89427944829194,23.184205418357895,0.7485940385650361]"
1495,INS,93.6875,93.55,-0.1375000000000015,113.48639200000002,114.54128200000004,25.75,40,1445,artifacts/cifar10/runs/pareto/final/dispatcher-01495.pt,429,0.2145,1072,0.536,499,0.2495,0,0.0,True,93.62622597026183,-0.07622597026183087,False,"[50.75689991842558,29.872164389567764,5.333648238286969,10.24771957127204,97.37116407974747,74.28311203462889,32.850750892959056,8.020624055963626,18.192603983017634,75.87550165142513,47.98553315291905,40.08983870712193,30.47398452250474,70.82581551767754,92.37304701781369,58.396931909195466,0.8044333175744286]"
1904,INS,93.7375,93.65,-0.08749999999999591,116.60500700000003,116.03595200000002,25.75,40,1445,artifacts/cifar10/runs/pareto/final/dispatcher-01904.pt,428,0.214,1058,0.529,514,0.257,0,0.0,True,93.6609720654346,-0.010972065434600609,False,"[29.772361703485146,26.51555116409078,2.378556123393618,8.05535834262276,94.77543848252915,46.28903342208369,33.199673261232356,1.8444613805396068,0.938066837280209,75.79468423725771,30.747639400311385,38.352833269605135,35.05269716191637,70.85063499338614,14.649096115766902,26.63408173996181,0.3082035008288823]"
647,INS,93.7625,93.65,-0.11250000000000426,117.39082950000002,117.23728200000002,25.7,40,1446,artifacts/cifar10/runs/pareto/final/dispatcher-00647.pt,427,0.2135,1047,0.5235,526,0.263,0,0.0,False,93.6885760820888,-0.03857608208879526,False,"[29.772361703485146,26.51555116409078,2.378556123393618,8.060897676385727,94.70639669450614,46.163777619348096,33.199673261232356,1.8444613805396068,1.3017809861469498,76.27548835229476,32.55742904956334,38.18668285573103,11.117456584196205,94.09871198859324,94.24973310944475,26.63408173996181,0.3121245130043809]"
662,INS,93.7625,93.65,-0.11250000000000426,117.39082950000002,117.23728200000002,25.7,40,1446,artifacts/cifar10/runs/pareto/final/dispatcher-00662.pt,427,0.2135,1047,0.5235,526,0.263,0,0.0,False,93.6885760820888,-0.03857608208879526,False,"[29.772361703485146,26.51555116409078,2.378556123393618,8.060897676385727,94.70639669450614,46.163777619348096,33.199673261232356,1.8444613805396068,1.3017809861469498,76.27548835229476,32.55742904956334,38.18668285573103,11.117456584196205,94.09871198859324,94.24973310944475,26.63408173996181,0.3121245130043809]"
754,INS,93.7625,93.65,-0.11250000000000426,117.39082950000002,117.23728200000002,25.7,40,1446,artifacts/cifar10/runs/pareto/final/dispatcher-00754.pt,427,0.2135,1047,0.5235,526,0.263,0,0.0,False,93.6885760820888,-0.03857608208879526,False,"[29.772361703485146,26.51555116409078,2.378556123393618,8.060897676385727,94.70639669450614,46.163777619348096,33.199673261232356,1.8444613805396068,1.3017809861469498,76.27548835229476,32.55742904956334,38.18668285573103,11.117456584196205,94.09871198859324,94.24973310944475,26.63408173996181,0.3121245130043809]"
1847,INS,93.77499999999999,93.7,-0.07499999999999174,121.04664200000002,119.47511200000002,21.55,37,1532,artifacts/cifar10/runs/pareto/final/dispatcher-01847.pt,340,0.17,1136,0.568,524,0.262,0,0.0,True,93.72127509004302,-0.021275090043019418,False,"[37.29705177029095,15.91651338948599,2.5461093479975574,44.071967628311754,56.998504701847224,74.24049220563556,33.22419619404728,1.0295481649644316,1.603103575859893,75.87587176410452,28.17932817863194,40.0781724050008,29.810400151914838,70.43141924596566,20.009488270620555,22.984632011115252,0.15513339906075074]"
1658,INS,93.8,93.75,-0.04999999999999449,121.32542200000003,120.80127200000001,23.0,36,1504,artifacts/cifar10/runs/pareto/final/dispatcher-01658.pt,366,0.183,1089,0.5445,545,0.2725,0,0.0,True,93.72323463716994,0.026765362830062145,True,"[68.50687397629311,25.024717256501308,1.1894014637760444,10.001013449312627,93.78481633583417,89.61013315068273,32.7348687259911,0.06985685172426659,0.7646865176397513,76.05658272539182,35.82635344883856,38.35440367532448,5.164627919452392,73.89021108807643,9.701736908734034,65.22420851191713,0.32255232184644556]"
2115,INS,93.83749999999999,93.60000000000001,-0.2374999999999905,125.71400950000003,124.46396200000002,18.25,34,1601,artifacts/cifar10/runs/pareto/final/dispatcher-02115.pt,277,0.1385,1166,0.583,557,0.2785,0,0.0,False,93.72853692041646,-0.12853692041645104,False,"[37.13729608778205,15.956038366467514,2.9828871825987946,16.512751366166594,59.12416807652406,74.51850705853926,33.22419619404728,3.0462736266385346,26.26109266628812,76.25302605466244,36.119358577216815,37.09676341980619,79.76877383572531,70.49249078129924,24.7394696471143,92.06384628801484,0.3207691299676766]"
1773,INS,93.85,93.65,-0.20000000000000018,126.22712450000003,124.71500200000001,18.85,34,1589,artifacts/cifar10/runs/pareto/final/dispatcher-01773.pt,289,0.1445,1148,0.574,563,0.2815,0,0.0,False,93.72889460330411,-0.07889460330410714,False,"[37.29705177029095,15.958681956185348,2.559834985890957,45.955836553909904,56.998504701847224,74.23950786930106,33.22419619404728,1.0295481649644316,1.5561827674882553,76.24876713559819,48.006317252394,40.0781724050008,30.79357493602016,70.43141924596566,20.009488270620555,92.06384628801484,0.32427786708132006]"
2327,INS,93.85,93.65,-0.20000000000000018,126.22712450000003,124.71500200000001,18.85,34,1589,artifacts/cifar10/runs/pareto/final/dispatcher-02327.pt,289,0.1445,1148,0.574,563,0.2815,0,0.0,False,93.72889460330411,-0.07889460330410714,False,"[37.29705177029095,15.958681956185348,2.559834985890957,45.955836553909904,56.998504701847224,74.23950786930106,33.22419619404728,1.0295481649644316,1.5561827674882553,76.24876713559819,48.006317252394,40.0781724050008,30.79357493602016,70.43141924596566,20.009488270620555,92.06384628801484,0.32427786708132006]"
2347,INS,93.86250000000001,94.0,0.1374999999999904,156.660897,154.572612,27.900000000000002,32,1410,artifacts/cifar10/runs/pareto/final/dispatcher-02347.pt,508,0.254,561,0.2805,931,0.4655,0,0.0,True,93.76699527167975,0.2330047283202532,True,"[60.229778091173976,29.21780016524749,9.285525245934167,15.199281065801332,57.024327986798006,91.19094231855311,32.115247918143965,0.9502615665056484,8.342567342522516,75.86852798595152,39.64007185105792,40.04421093280992,30.79357493602016,70.43523771753051,20.6631723830574,64.51465210026117,0.25522311380540214]"
1579,INS,93.9125,94.25,0.3375000000000017,158.37189700000002,159.06329200000002,18.85,26,1597,artifacts/cifar10/runs/pareto/final/dispatcher-01579.pt,302,0.151,780,0.39,918,0.459,0,0.0,True,93.77207900173843,0.47792099826156687,True,"[48.88211930312459,24.648772818922374,0.8419334153944575,10.19210333295888,92.82875474832596,74.19490681997544,32.7348687259911,0.033144056161098945,0.7646865176397513,58.082593969016486,31.12666616803854,38.35428996676251,8.763874543689806,70.91164653874584,12.83951371440311,23.184205418357895,0.7948502165958417]"
2185,INS,93.9125,94.25,0.3375000000000017,158.37189700000002,159.06329200000002,18.85,26,1597,artifacts/cifar10/runs/pareto/final/dispatcher-02185.pt,302,0.151,780,0.39,918,0.459,0,0.0,True,93.77207900173843,0.47792099826156687,True,"[48.88211930312459,24.648772818922374,0.8419334153944575,10.19210333295888,92.82875474832596,74.19490681997544,32.7348687259911,0.033144056161098945,0.7646865176397513,58.082593969016486,31.12666616803854,38.35428996676251,8.763874543689806,70.91164653874584,12.83951371440311,23.184205418357895,0.7948502165958417]"
2242,INS,93.9125,94.25,0.3375000000000017,158.37189700000002,159.06329200000002,18.85,26,1597,artifacts/cifar10/runs/pareto/final/dispatcher-02242.pt,302,0.151,780,0.39,918,0.459,0,0.0,True,93.77207900173843,0.47792099826156687,True,"[48.88211930312459,24.648772818922374,0.8419334153944575,10.19210333295888,92.82875474832596,74.19490681997544,32.7348687259911,0.033144056161098945,0.7646865176397513,58.082593969016486,31.421325098759233,38.35428996676251,8.763874543689806,70.91164653874584,12.83951371440311,23.184205418357895,0.7948502165958417]"
988,INS,93.9375,94.3,0.36249999999999893,169.043022,168.63485200000002,13.950000000000001,25,1696,artifacts/cifar10/runs/pareto/final/dispatcher-00988.pt,208,0.104,803,0.4015,989,0.4945,0,0.0,True,93.78245186754985,0.5175481324501447,True,"[30.276269493897548,25.56291534787514,3.072213848099641,8.464139983930014,99.60467553485378,74.10918398038827,40.881027932225855,76.95218387386191,8.220470811486841,78.6626737079677,31.41560896454243,56.53056667002265,77.99773648054968,92.92370809612522,7.064675616784269,61.491982803957605,0.8832051468451635]"
1416,INS,93.9625,94.3,0.3374999999999906,169.821507,169.16536200000002,14.399999999999999,25,1687,artifacts/cifar10/runs/pareto/final/dispatcher-01416.pt,217,0.1085,786,0.393,997,0.4985,0,0.0,False,93.78300943893451,0.5169905610654837,True,"[30.276269493897548,25.56291534787514,3.078663534660367,8.464139983930014,99.60467553485378,74.10918398038827,40.77987849858742,76.95218387386191,79.0320965639575,79.57912325628097,31.41560896454243,56.53056667002265,86.56881111664472,69.00163303939601,21.33110931745702,23.793825324704255,0.8832733724894686]"
939,INS,93.95,94.3,0.34999999999999476,169.52487200000004,169.37525200000002,13.8,25,1699,artifacts/cifar10/runs/pareto/final/dispatcher-00939.pt,206,0.103,798,0.399,996,0.498,0,0.0,False,93.78322955284597,0.5167704471540304,True,"[30.276269493897548,25.56291534787514,3.072213848099641,8.464139983930014,99.60467553485378,74.10918398038827,40.77987849858742,76.95218387386191,79.4943863492455,78.6626737079677,31.41560896454243,56.53056667002265,86.56881111664472,92.90954962778127,21.33110931745702,24.275028048911782,0.8832733724894686]"
2207,INS,94.025,94.1,0.07499999999999174,178.26096700000002,175.09346200000002,26.650000000000002,27,1440,artifacts/cifar10/runs/pareto/final/dispatcher-02207.pt,477,0.2385,391,0.1955,1132,0.566,0,0.0,False,93.78912364170876,0.31087635829123883,True,"[60.03584764062445,30.499071052072974,0.7387840209847361,10.434381348468444,58.775746406761115,74.04163982555455,8.616178449135596,79.55233145132942,14.708245072728237,72.48398258628573,89.45867536319274,39.06453608552067,76.13309427222853,69.0848178830301,18.84511374298758,27.175106406240882,0.11475989337742071]"
2271,INS,94.0875,94.1,0.012499999999993072,178.279857,175.877542,24.05,25,1494,artifacts/cifar10/runs/pareto/final/dispatcher-02271.pt,421,0.2105,455,0.2275,1124,0.562,0,0.0,False,93.78991679353098,0.31008320646901666,True,"[30.85102821908143,15.722134973509629,3.0907240245302416,8.464139983930014,59.66299619807963,74.10918398038827,5.769840550412599,83.96828575365927,79.0320965639575,72.28804127260783,31.47906144440107,39.917394953846355,86.55770174937837,69.00066831301706,21.33110931745702,23.768341342250697,0.8832733724894686]"
1968,INS,94.19999999999999,94.45,0.2500000000000058,186.50071450000002,185.836772,24.45,20,1491,artifacts/cifar10/runs/pareto/final/dispatcher-01968.pt,432,0.216,339,0.1695,1229,0.6145,0,0.0,True,93.90764382548028,0.5423561745197247,True,"[66.0728059776149,15.568345516913503,0.7456101312176902,16.040176216125428,55.394779059672295,91.08723361316562,4.214475502524973,3.1868464126065206,25.898742952375667,75.86752047231792,35.50997708313238,38.40330352323687,5.18538867749222,70.48505238243553,11.748174869914243,64.24870204876116,0.1802165540086561]"
2186,INS,94.19999999999999,94.45,0.2500000000000058,186.50071450000002,185.836772,24.45,20,1491,artifacts/cifar10/runs/pareto/final/dispatcher-02186.pt,432,0.216,339,0.1695,1229,0.6145,0,0.0,True,93.90764382548028,0.5423561745197247,True,"[66.0728059776149,15.568345516913503,0.7456101312176902,16.040176216125428,55.394779059672295,91.08723361316562,4.214475502524973,3.1868464126065206,25.898742952375667,75.86752047231792,35.50997708313238,38.40330352323687,5.18538867749222,70.48505238243553,11.748174869914243,64.24870204876116,0.10249490901883984]"
2443,INS,94.19999999999999,94.45,0.2500000000000058,186.50071450000002,185.836772,24.45,20,1491,artifacts/cifar10/runs/pareto/final/dispatcher-02443.pt,432,0.216,339,0.1695,1229,0.6145,0,0.0,True,93.90764382548028,0.5423561745197247,True,"[66.0728059776149,15.568345516913503,0.7456101312176902,16.040176216125428,55.394779059672295,91.08723361316562,4.214475502524973,3.1868464126065206,25.898742952375667,75.86752047231792,35.50997708313238,38.40330352323687,5.18538867749222,70.48505238243553,11.748174869914243,64.24870204876116,0.10249490901883984]"
1528,INS,94.22500000000001,94.5,0.2749999999999919,187.8640795,187.067452,22.35,19,1534,artifacts/cifar10/runs/pareto/final/dispatcher-01528.pt,388,0.194,383,0.1915,1229,0.6145,0,0.0,True,93.92186253866336,0.5781374613366381,True,"[66.0728059776149,15.568345516913503,0.7488816689090203,16.040176216125428,55.394779059672295,91.08723361316562,4.214475502524973,3.1868464126065206,25.898742952375667,75.86752047231792,35.50997708313238,38.40330352323687,5.18538867749222,70.49297596466018,11.748174869914243,64.53296423828938,0.3235110625672273]"
1927,INS,94.22500000000001,94.5,0.2749999999999919,187.8640795,187.067452,22.35,19,1534,artifacts/cifar10/runs/pareto/final/dispatcher-01927.pt,388,0.194,383,0.1915,1229,0.6145,0,0.0,True,93.92186253866336,0.5781374613366381,True,"[66.0728059776149,15.568345516913503,0.7488816689090203,16.040176216125428,55.394779059672295,91.08723361316562,4.214475502524973,3.1868464126065206,25.898742952375667,75.86752047231792,35.50997708313238,38.40330352323687,5.18538867749222,70.49297596466018,11.748174869914243,64.53296423828938,0.3235110625672273]"
2099,INS,94.2375,94.6,0.36249999999999893,211.17905449999998,209.013852,18.95,18,1603,artifacts/cifar10/runs/pareto/final/dispatcher-02099.pt,334,0.167,228,0.114,1438,0.719,0,0.0,True,94.10882401678558,0.49117598321441847,True,"[30.858351320061786,15.868952794813723,0.7387840209847361,10.434381348468444,58.775746406761115,74.0419785262562,4.214475502524973,84.26903238965798,0.1715097171604157,72.48398258628573,28.780475919635233,39.06453608552067,76.13309427222853,69.0848178830301,18.84511374298758,25.117392885055224,0.11475989337742071]"
2261,INS,94.2375,94.6,0.36249999999999893,211.17905449999998,209.013852,18.95,18,1603,artifacts/cifar10/runs/pareto/final/dispatcher-02261.pt,334,0.167,228,0.114,1438,0.719,0,0.0,True,94.10882401678558,0.49117598321441847,True,"[30.858351320061786,15.868952794813723,0.7387840209847361,10.434381348468444,58.775746406761115,74.0419785262562,4.214475502524973,84.26903238965798,0.1715097171604157,72.48398258628573,28.780475919635233,39.06453608552067,76.13309427222853,69.0848178830301,18.84511374298758,25.117392885055224,0.11475989337742071]"
2315,INS,94.2375,94.6,0.36249999999999893,211.17905449999998,209.013852,18.95,18,1603,artifacts/cifar10/runs/pareto/final/dispatcher-02315.pt,334,0.167,228,0.114,1438,0.719,0,0.0,True,94.10882401678558,0.49117598321441847,True,"[30.858351320061786,15.868952794813723,0.7387840209847361,10.434381348468444,58.775746406761115,74.0419785262562,4.214475502524973,84.26903238965798,0.1715097171604157,72.48398258628573,28.780475919635233,39.06453608552067,76.13309427222853,69.0848178830301,18.84511374298758,25.117392885055224,0.11475989337742071]"
1077,INS,94.25,94.65,0.40000000000000036,229.267572,228.701812,9.2,16,1800,artifacts/cifar10/runs/pareto/final/dispatcher-01077.pt,144,0.072,271,0.1355,1585,0.7925,0,0.0,True,94.23587955372426,0.41412044627574573,True,"[31.923294275732612,15.97897024756527,2.350492685000405,8.477893763434182,10.048644467944758,46.294345842966635,4.696886094095596,81.404380400821,79.04078523130059,4.566235597676549,30.900189394834307,38.570949006605076,79.72458952550026,69.10970673414418,24.834445462628118,60.895380464729215,0.8970012623617553]"
1580,INS,94.25,94.65,0.40000000000000036,229.267572,228.701812,9.2,16,1800,artifacts/cifar10/runs/pareto/final/dispatcher-01580.pt,144,0.072,271,0.1355,1585,0.7925,0,0.0,True,94.23587955372426,0.41412044627574573,True,"[31.923294275732612,15.97897024756527,2.350492685000405,8.477893763434182,10.048644467944758,46.294345842966635,4.696886094095596,81.404380400821,79.04078523130059,4.566235597676549,30.900189394834307,38.570949006605076,79.72458952550026,69.10970673414418,24.834445462628118,60.895380464729215,0.8970012623617553]"
1441,INS,94.2625,94.65,0.3874999999999962,235.7671645,235.12801199999998,8.200000000000001,15,1821,artifacts/cifar10/runs/pareto/final/dispatcher-01441.pt,124,0.062,231,0.1155,1645,0.8225,0,0.0,False,94.27499201922372,0.3750079807762887,True,"[31.923294275732612,15.97897024756527,2.344042998439679,8.477893763434182,10.048644467944758,46.294345842966635,4.696886094095596,81.404380400821,79.5030750165886,3.8247533625649055,30.900189394834307,38.570949006605076,79.72458952550026,93.01760118342604,24.834445462628118,61.37658321085894,0.8970012623617553]"
1509,INS,94.2625,94.65,0.3874999999999962,235.7671645,235.12801199999998,8.200000000000001,15,1821,artifacts/cifar10/runs/pareto/final/dispatcher-01509.pt,124,0.062,231,0.1155,1645,0.8225,0,0.0,False,94.27499201922372,0.3750079807762887,True,"[31.923294275732612,15.97897024756527,2.344042998439679,8.477893763434182,10.048644467944758,46.294345842966635,4.696886094095596,81.404380400821,79.5030750165886,3.8247533625649055,30.900189394834307,38.570949006605076,79.72458952550026,93.01760118342604,24.834445462628118,61.37658321085894,0.7728708609779392]"
1653,INS,94.2625,94.65,0.3874999999999962,235.7671645,235.12801199999998,8.200000000000001,15,1821,artifacts/cifar10/runs/pareto/final/dispatcher-01653.pt,124,0.062,231,0.1155,1645,0.8225,0,0.0,False,94.27499201922372,0.3750079807762887,True,"[29.12315082486608,15.97897024756527,2.344042998439679,8.477893763434182,10.048644467944758,46.294345842966635,4.696886094095596,81.404380400821,79.5030750165886,3.8247533625649055,30.900189394834307,38.570949006605076,79.72458952550026,69.07851933123668,24.834445462628118,61.37658321085894,0.7728708609779392]"
1596,INS,94.2625,94.65,0.3874999999999962,235.7671645,235.22579199999996,8.200000000000001,15,1821,artifacts/cifar10/runs/pareto/final/dispatcher-01596.pt,124,0.062,230,0.115,1646,0.823,0,0.0,False,94.27557885585273,0.3744211441472771,True,"[31.923294275732612,15.97897024756527,2.350617849150513,8.477893763434182,10.048644467944758,49.173442592804854,4.696886094095596,81.404380400821,79.5030750165886,3.8247533625649055,30.900189394834307,37.073893503345595,79.72458952550026,69.27484057704196,24.834445462628118,61.37658321085894,0.8970012623617553]"
1678,INS,94.2625,94.65,0.3874999999999962,235.7671645,235.22579199999996,8.200000000000001,15,1821,artifacts/cifar10/runs/pareto/final/dispatcher-01678.pt,124,0.062,230,0.115,1646,0.823,0,0.0,False,94.27557885585273,0.3744211441472771,True,"[31.923294275732612,15.97897024756527,2.350617849150513,8.477893763434182,10.048644467944758,49.173442592804854,4.696886094095596,81.404380400821,79.5030750165886,3.8247533625649055,30.900189394834307,37.073893503345595,79.72458952550026,93.21389079423042,24.834445462628118,61.37658321085894,0.8970012623617553]"
1909,INS,94.2625,94.65,0.3874999999999962,235.7671645,235.22579199999996,8.200000000000001,15,1821,artifacts/cifar10/runs/pareto/final/dispatcher-01909.pt,124,0.062,230,0.115,1646,0.823,0,0.0,False,94.27557885585273,0.3744211441472771,True,"[31.923294275732612,15.97897024756527,2.350617849150513,8.477893763434182,10.048644467944758,49.173442592804854,4.696886094095596,81.404380400821,79.5030750165886,3.8247533625649055,30.900189394834307,37.073893503345595,79.72458952550026,69.27484057704196,24.834445462628118,61.37658321085894,0.8970012623617553]"
1992,INS,94.2625,94.65,0.3874999999999962,235.7671645,235.22579199999996,8.200000000000001,15,1821,artifacts/cifar10/runs/pareto/final/dispatcher-01992.pt,124,0.062,230,0.115,1646,0.823,0,0.0,False,94.27557885585273,0.3744211441472771,True,"[31.923294275732612,15.97897024756527,2.350617849150513,8.477893763434182,10.048644467944758,49.173442592804854,4.696886094095596,81.404380400821,79.5030750165886,3.8247533625649055,30.900189394834307,37.073893503345595,79.72458952550026,69.27484057704196,24.834445462628118,61.37658321085894,0.8970012623617553]"
2091,INS,94.2625,94.65,0.3874999999999962,235.7671645,235.22579199999996,8.200000000000001,15,1821,artifacts/cifar10/runs/pareto/final/dispatcher-02091.pt,124,0.062,230,0.115,1646,0.823,0,0.0,False,94.27557885585273,0.3744211441472771,True,"[30.756731888224934,15.97897024756527,2.350617849150513,8.477893763434182,10.048644467944758,49.173442592804854,4.696886094095596,81.404380400821,79.5030750165886,3.8247533625649055,30.900189394834307,37.073893503345595,79.72458952550026,69.28434792139329,95.01344869230289,61.108407546731655,0.8970012623617553]"
2161,INS,94.2625,94.65,0.3874999999999962,235.7671645,235.22579199999996,8.200000000000001,15,1821,artifacts/cifar10/runs/pareto/final/dispatcher-02161.pt,124,0.062,230,0.115,1646,0.823,0,0.0,False,94.27557885585273,0.3744211441472771,True,"[31.923294275732612,15.97897024756527,2.350617849150513,8.477893763434182,10.048644467944758,49.173442592804854,4.696886094095596,81.404380400821,79.5030750165886,3.8247533625649055,30.900189394834307,37.073893503345595,79.72458952550026,69.27484057704196,24.834445462628118,61.37658321085894,0.8970012623617553]"
2211,INS,94.2625,94.65,0.3874999999999962,235.7671645,235.22579199999996,8.200000000000001,15,1821,artifacts/cifar10/runs/pareto/final/dispatcher-02211.pt,124,0.062,230,0.115,1646,0.823,0,0.0,False,94.27557885585273,0.3744211441472771,True,"[30.756731888224934,15.97897024756527,2.350617849150513,8.477893763434182,10.048644467944758,49.173442592804854,4.696886094095596,81.404380400821,79.5030750165886,3.8247533625649055,30.900189394834307,37.073893503345595,79.72458952550026,69.28434792139329,95.01344869230289,61.108407546731655,0.8970012623617553]"
2226,INS,94.2625,94.65,0.3874999999999962,235.7671645,235.22579199999996,8.200000000000001,15,1821,artifacts/cifar10/runs/pareto/final/dispatcher-02226.pt,124,0.062,230,0.115,1646,0.823,0,0.0,False,94.27557885585273,0.3744211441472771,True,"[31.923294275732612,15.97897024756527,2.350617849150513,8.477893763434182,10.048644467944758,49.173442592804854,4.696886094095596,81.404380400821,79.5030750165886,3.8247533625649055,30.900189394834307,37.073893503345595,79.72458952550026,69.27484057704196,24.834445462628118,61.37658321085894,0.8970012623617553]"
2270,INS,94.2625,94.65,0.3874999999999962,235.7671645,235.22579199999996,8.200000000000001,15,1821,artifacts/cifar10/runs/pareto/final/dispatcher-02270.pt,124,0.062,230,0.115,1646,0.823,0,0.0,False,94.27557885585273,0.3744211441472771,True,"[39.74347187058775,15.97897024756527,2.350617849150513,8.477893763434182,10.048644467944758,49.173442592804854,4.696886094095596,81.404380400821,79.5030750165886,3.8247533625649055,30.900189394834307,39.70053919974223,79.72458952550026,69.27484057704196,27.16637092280153,61.37658321085894,0.8970012623617553]"
2478,INS,94.3,94.55,0.2500000000000058,246.582642,245.91569199999998,2.25,16,1939,artifacts/cifar10/runs/pareto/final/dispatcher-02478.pt,4,0.002,275,0.1375,1721,0.8605,0,0.0,False,94.33830724715797,0.21169275284202627,True,"[36.98792985008725,1.179774196652467,3.0907240245302416,8.464139983930014,59.67459986689503,44.43896046988933,6.157879392851951,83.56100143202192,79.00953394449625,74.66491035520652,47.55720545421757,39.917394953846355,78.5844445406949,69.80429836181563,21.33837158122104,15.94551516070614,0.8832733724894686]"
2473,INS,94.325,94.6,0.2749999999999919,272.697067,273.112632,1.7999999999999998,15,1949,artifacts/cifar10/runs/pareto/final/dispatcher-02473.pt,0,0.0,2,0.001,1998,0.999,0,0.0,False,94.37121395162566,0.22878604837433159,True,"[60.475875216149376,15.97897024756527,2.3219438413904143,10.845144911892646,10.048644467944758,49.18568874413327,4.761537640232721,81.404380400821,75.85323483581482,2.940511429637227,31.687785028175366,36.99554487608957,78.59149947696734,32.121079823861514,24.834445462628118,60.895380464729215,0.8890856417018895]"
